protein,ligand,ligand_efficiency,complexity
1C82_A,3jz0_G_CLY_clindamycin,0.314093,7150
1GVM_A,3jz0_G_CLY_clindamycin,1.23265,7821
1H8G_A,3jz0_G_CLY_clindamycin,1.2509,1904
1HCX_A,3jz0_G_CLY_clindamycin,0.0801666,2605
1IB8_A,3jz0_G_CLY_clindamycin,0.448524,1556
1LOH_A,3jz0_G_CLY_clindamycin,0.930574,7165
1N7N_A,3jz0_G_CLY_clindamycin,0.746361,7157
1N7O_A,3jz0_G_CLY_clindamycin,0.818477,7163
1N7P_A,3jz0_G_CLY_clindamycin,0.266908,7153
1N7Q_A,3jz0_G_CLY_clindamycin,-0.545352,7147
1N7R_A,3jz0_G_CLY_clindamycin,0.0910933,7143
1NXO_A,3jz0_G_CLY_clindamycin,0.332537,1153
1NXT_A,3jz0_G_CLY_clindamycin,,1148
1OJM_A,3jz0_G_CLY_clindamycin,1.0308,7177
1OJN_A,3jz0_G_CLY_clindamycin,0.0102642,7187
1OJO_A,3jz0_G_CLY_clindamycin,0.161847,7187
1OX0_A,3jz0_G_CLY_clindamycin,0.653885,3813
1PMD_A,3jz0_G_CLY_clindamycin,-0.336656,6377
1PSZ_A,3jz0_G_CLY_clindamycin,-0.131821,2810
1PYY_A,3jz0_G_CLY_clindamycin,0.220839,5709
1Q3T_A,3jz0_G_CLY_clindamycin,-0.420865,2143
1QME_A,3jz0_G_CLY_clindamycin,1.57406,5231
1RP5_A,3jz0_G_CLY_clindamycin,0.477909,12929
1WRA_A,3jz0_G_CLY_clindamycin,1.01629,6071
2ALM_A,3jz0_G_CLY_clindamycin,1.65338,3784
2BIB_A,3jz0_G_CLY_clindamycin,1.60944,5459
2BML_A,3jz0_G_CLY_clindamycin,0.824362,2587
2JKB_A,3jz0_G_CLY_clindamycin,0.230881,6451
2L4O_A,3jz0_G_CLY_clindamycin,0.293885,1604
2NOV_A,3jz0_G_CLY_clindamycin,0.601144,17469
2RJT_A,3jz0_G_CLY_clindamycin,1.2969,14859
2V04_A,3jz0_G_CLY_clindamycin,0.167819,3183
2VEF_A,3jz0_G_CLY_clindamycin,0.53075,5210
2VVZ_A,3jz0_G_CLY_clindamycin,1.45123,9241
2VW0_A,3jz0_G_CLY_clindamycin,-0.0433244,6412
2VYU_A,3jz0_G_CLY_clindamycin,0.678801,3073
2W1J_A,3jz0_G_CLY_clindamycin,0.413821,3744
2W1K_A,3jz0_G_CLY_clindamycin,1.1616,4041
2W20_A,3jz0_G_CLY_clindamycin,,9221
2WAD_A,3jz0_G_CLY_clindamycin,1.61071,16883
2WAE_A,3jz0_G_CLY_clindamycin,0.549074,5651
2WAF_A,3jz0_G_CLY_clindamycin,,5781
2WJD_A,3jz0_G_CLY_clindamycin,1.28413,2456
2WW8_A,3jz0_G_CLY_clindamycin,-0.0332017,7946
2X9W_A,3jz0_G_CLY_clindamycin,0.114257,4189
2X9Y_A,3jz0_G_CLY_clindamycin,0.743022,4161
2X9Z_A,3jz0_G_CLY_clindamycin,-0.170935,2471
2XD2_A,3jz0_G_CLY_clindamycin,-0.322024,7056
2XXP_A,3jz0_G_CLY_clindamycin,0.10353,3594
2XXQ_A,3jz0_G_CLY_clindamycin,1.05002,3576
2Y1V_A,3jz0_G_CLY_clindamycin,1.82798,16887
2YA4_A,3jz0_G_CLY_clindamycin,1.40221,9240
2Z2L_A,3jz0_G_CLY_clindamycin,1.73072,12025
2Z2L_B,3jz0_G_CLY_clindamycin,1.39132,12025
2Z2L_C,3jz0_G_CLY_clindamycin,1.48172,12025
2Z6I_A,3jz0_G_CLY_clindamycin,1.53457,5749
2Z6J_A,3jz0_G_CLY_clindamycin,0.63793,5505
3CX3_A,3jz0_G_CLY_clindamycin,1.43654,5063
3H71_A,3jz0_G_CLY_clindamycin,-0.00329989,9325
3H72_A,3jz0_G_CLY_clindamycin,0.191478,9325
3HIA_A,3jz0_G_CLY_clindamycin,1.6326,2270
3IX9_A,3jz0_G_CLY_clindamycin,0.802822,3387
3QY8_A,3jz0_G_CLY_clindamycin,-0.934526,2451
3RPK_A,3jz0_G_CLY_clindamycin,1.07842,11035
3S46_A,3jz0_G_CLY_clindamycin,0.971034,6815
3ZH3_A,3jz0_G_CLY_clindamycin,-0.0478363,3829
3ZH4_A,3jz0_G_CLY_clindamycin,-2.24714,3814
3ZK7_A,3jz0_G_CLY_clindamycin,1.41765,5443
3ZK8_A,3jz0_G_CLY_clindamycin,0.301661,5445
3ZK9_A,3jz0_G_CLY_clindamycin,1.73553,5447
3ZPP_A,3jz0_G_CLY_clindamycin,0.694766,4023
4CNL_A,3jz0_G_CLY_clindamycin,0.450006,1874
4D0Q_A,3jz0_G_CLY_clindamycin,-0.128467,1597
4D0Y_A,3jz0_G_CLY_clindamycin,0.995009,3609
4DE8_A,3jz0_G_CLY_clindamycin,0.334481,3589
4HYE_A,3jz0_G_CLY_clindamycin,-0.793261,3871
4IVV_A,3jz0_G_CLY_clindamycin,1.58129,1702
4IWT_A,3jz0_G_CLY_clindamycin,1.14753,2949
4MR0_A,3jz0_G_CLY_clindamycin,0.765036,8579
4OQ1_A,3jz0_G_CLY_clindamycin,-0.537672,3277
4QQA_A,3jz0_G_CLY_clindamycin,1.06875,4723
4UTO_A,3jz0_G_CLY_clindamycin,-0.766618,5441
4UTP_A,3jz0_G_CLY_clindamycin,0.489777,5539
4X36_A,3jz0_G_CLY_clindamycin,1.26855,3172
4XE9_A,3jz0_G_CLY_clindamycin,1.28207,6417
4XMA_A,3jz0_G_CLY_clindamycin,1.31498,6409
4XOG_A,3jz0_G_CLY_clindamycin,0.802101,6434
4XYX_A,3jz0_G_CLY_clindamycin,1.04143,6440
4YW1_A,3jz0_G_CLY_clindamycin,1.05037,12903
4YZ1_A,3jz0_G_CLY_clindamycin,0.766824,12843
4ZGH_A,3jz0_G_CLY_clindamycin,1.21148,4626
4ZMR_A,3jz0_G_CLY_clindamycin,0.300374,3930
5AOD_A,3jz0_G_CLY_clindamycin,1.11111,4632
5AOE_A,3jz0_G_CLY_clindamycin,0.858959,9511
5AOF_A,3jz0_G_CLY_clindamycin,1.63226,4758
5CR6_D,3jz0_G_CLY_clindamycin,1.64219,4578
5CR8_A,3jz0_G_CLY_clindamycin,0.183047,2335
5CTV_A,3jz0_G_CLY_clindamycin,0.987518,1771
5J5P_A,3jz0_G_CLY_clindamycin,0.603735,7554
5KKY_A,3jz0_G_CLY_clindamycin,1.24726,9240
5LY6_B,3jz0_G_CLY_clindamycin,-0.17287,4600
5WI5_A,3jz0_G_CLY_clindamycin,0.812549,15465
5XU0_A,3jz0_G_CLY_clindamycin,0.879419,6343
5XU1_A,3jz0_G_CLY_clindamycin,0.972524,11371
5XU1_M,3jz0_G_CLY_clindamycin,0.572338,11371
5YIG_A,3jz0_G_CLY_clindamycin,0.602188,3656
6EB7_A,3jz0_G_CLY_clindamycin,0.024443,1159
6FMG_A,3jz0_G_CLY_clindamycin,0.900843,5099
6HE6_A,3jz0_G_CLY_clindamycin,0.551731,2327
6HFX_A,3jz0_G_CLY_clindamycin,-0.213976,2271
6JMP_A,3jz0_G_CLY_clindamycin,0.174592,4590
6JYX_A,3jz0_G_CLY_clindamycin,1.43702,6054
6MK7_A,3jz0_G_CLY_clindamycin,-0.564631,1106
6PON_A,3jz0_G_CLY_clindamycin,1.00402,5162
6PQL_A,3jz0_G_CLY_clindamycin,1.35963,14837
6Z4W_A,3jz0_G_CLY_clindamycin,-0.010068,2283
6Z63_A,3jz0_G_CLY_clindamycin,1.0157,6747
7A54_A,3jz0_G_CLY_clindamycin,0.350503,9265
7JJ8_A,3jz0_G_CLY_clindamycin,,10195
7JJ9_A,3jz0_G_CLY_clindamycin,1.2877,4491
7JJA_A,3jz0_G_CLY_clindamycin,0.661795,1823
7PL2_A,3jz0_G_CLY_clindamycin,0.99244,4159
7T2A_C,3jz0_G_CLY_clindamycin,0.805517,7397
8HF4_A,3jz0_G_CLY_clindamycin,0.124788,10813
8HF6_A,3jz0_G_CLY_clindamycin,-0.724449,10817
AF-A0A0B7KV51-F1-model_v6,3jz0_G_CLY_clindamycin,0.944589,2867
AF-A0A0B7KZH3-F1-model_v6,3jz0_G_CLY_clindamycin,1.13461,2465
AF-A0A0B7L047-F1-model_v6,3jz0_G_CLY_clindamycin,1.02501,1962
AF-A0A0B7L2C4-F1-model_v6,3jz0_G_CLY_clindamycin,0.198646,1854
AF-A0A0B7LC21-F1-model_v6,3jz0_G_CLY_clindamycin,-0.123795,2367
AF-A0A0B7LCH0-F1-model_v6,3jz0_G_CLY_clindamycin,0.00000740741,4990
AF-A0A0B7LIE2-F1-model_v6,3jz0_G_CLY_clindamycin,1.49542,8261
AF-A0A0E8ZM54-F1-model_v6,3jz0_G_CLY_clindamycin,1.35967,2798
AF-A0A0H2UN20-F1-model_v6,3jz0_G_CLY_clindamycin,-0.0464906,2094
AF-A0A0H2UND3-F1-model_v6,3jz0_G_CLY_clindamycin,0.108575,2568
AF-A0A0H2UNX8-F1-model_v6,3jz0_G_CLY_clindamycin,0.779014,739
AF-A0A0H2ZM30-F1-model_v6,3jz0_G_CLY_clindamycin,0.362835,2627
AF-A0A0H2ZNX2-F1-model_v6,3jz0_G_CLY_clindamycin,0.946148,4561
AF-A0A0T8G4V9-F1-model_v6,3jz0_G_CLY_clindamycin,0.713964,1361
AF-A0A1H1R4D7-F1-model_v6,3jz0_G_CLY_clindamycin,0.565955,2726
AF-A0A237JKZ5-F1-model_v6,3jz0_G_CLY_clindamycin,1.3642,1915
AF-A0A2X3V8L4-F1-model_v6,3jz0_G_CLY_clindamycin,,5651
AF-A0A3A4S4J8-F1-model_v6,3jz0_G_CLY_clindamycin,1.07933,2663
AF-A0A3R9M168-F1-model_v6,3jz0_G_CLY_clindamycin,0.196897,4377
AF-A0A4J1UGG0-F1-model_v6,3jz0_G_CLY_clindamycin,-0.744022,4312
AF-A0A4J1UII4-F1-model_v6,3jz0_G_CLY_clindamycin,0.350229,1750
AF-A0A4J1VGK4-F1-model_v6,3jz0_G_CLY_clindamycin,0.810325,2877
AF-A0A4J1VSB1-F1-model_v6,3jz0_G_CLY_clindamycin,-0.864443,2352
AF-A0A4J1VZA0-F1-model_v6,3jz0_G_CLY_clindamycin,1.60509,2412
AF-A0A4J1WF80-F1-model_v6,3jz0_G_CLY_clindamycin,1.44525,4276
AF-A0A4J1WRN7-F1-model_v6,3jz0_G_CLY_clindamycin,1.46954,2036
AF-A0A4J1WWI9-F1-model_v6,3jz0_G_CLY_clindamycin,0.725871,2335
AF-A0A4J1WXG5-F1-model_v6,3jz0_G_CLY_clindamycin,0.803179,4256
AF-A0A4L7JIJ9-F1-model_v6,3jz0_G_CLY_clindamycin,-0.133332,5354
AF-A0A4L7JNS5-F1-model_v6,3jz0_G_CLY_clindamycin,0.746043,11865
AF-A0A4R3L5A4-F1-model_v6,3jz0_G_CLY_clindamycin,-0.58839,1048
AF-A0A6I3UCE5-F1-model_v6,3jz0_G_CLY_clindamycin,1.69457,2426
AF-A0A916L5M1-F1-model_v6,3jz0_G_CLY_clindamycin,-0.216797,1076
AF-A0AA89KWM9-F1-model_v6,3jz0_G_CLY_clindamycin,0.379016,2638
AF-A0AAE6YR42-F1-model_v6,3jz0_G_CLY_clindamycin,0.513672,3294
AF-A0AAI9A065-F1-model_v6,3jz0_G_CLY_clindamycin,0.696939,2195
AF-A0AAJ5P3Y6-F1-model_v6,3jz0_G_CLY_clindamycin,0.594698,4845
AF-A0AAJ5P5J3-F1-model_v6,3jz0_G_CLY_clindamycin,0.383264,2845
AF-A0AAW5WQ32-F1-model_v6,3jz0_G_CLY_clindamycin,1.27588,2658
AF-A0AAW6XTF7-F1-model_v6,3jz0_G_CLY_clindamycin,0.581974,2886
AF-B2ISJ9-F1-model_v6,3jz0_G_CLY_clindamycin,-1.04859,6602
AF-C1C6U9-F1-model_v6,3jz0_G_CLY_clindamycin,1.25606,3657
AF-C1C8J0-F1-model_v6,3jz0_G_CLY_clindamycin,1.18593,2124
AF-C1C8P0-F1-model_v6,3jz0_G_CLY_clindamycin,-0.00000740741,3006
AF-C1CAB1-F1-model_v6,3jz0_G_CLY_clindamycin,1.29592,3915
AF-C1CD75-F1-model_v6,3jz0_G_CLY_clindamycin,0.585453,1653
AF-G3GGL5-F1-model_v6,3jz0_G_CLY_clindamycin,-0.704409,2213
AF-G3GGT8-F1-model_v6,3jz0_G_CLY_clindamycin,1.45948,2232
1C82_A,5btg_K_LFX_levofloxacin,1.18053,7149
1GVM_A,5btg_K_LFX_levofloxacin,1.17089,7820
1H8G_A,5btg_K_LFX_levofloxacin,0.531173,1903
1HCX_A,5btg_K_LFX_levofloxacin,1.01499,2604
1IB8_A,5btg_K_LFX_levofloxacin,-0.554664,1555
1LOH_A,5btg_K_LFX_levofloxacin,0.745566,7164
1N7N_A,5btg_K_LFX_levofloxacin,0.432245,7156
1N7O_A,5btg_K_LFX_levofloxacin,0.829178,7162
1N7P_A,5btg_K_LFX_levofloxacin,0.5146,7152
1N7Q_A,5btg_K_LFX_levofloxacin,-0.126225,7146
1N7R_A,5btg_K_LFX_levofloxacin,0.192973,7142
1NXO_A,5btg_K_LFX_levofloxacin,0.299708,1152
1NXT_A,5btg_K_LFX_levofloxacin,0.20351,1147
1OJM_A,5btg_K_LFX_levofloxacin,1.27529,7176
1OJN_A,5btg_K_LFX_levofloxacin,0.614362,7186
1OJO_A,5btg_K_LFX_levofloxacin,0.714471,7186
1OX0_A,5btg_K_LFX_levofloxacin,-0.361733,3812
1PMD_A,5btg_K_LFX_levofloxacin,0.869794,6376
1PSZ_A,5btg_K_LFX_levofloxacin,0.115655,2809
1PYY_A,5btg_K_LFX_levofloxacin,0.688419,5708
1Q3T_A,5btg_K_LFX_levofloxacin,1.00042,2142
1QME_A,5btg_K_LFX_levofloxacin,1.35701,5230
1RP5_A,5btg_K_LFX_levofloxacin,1.0907,12928
1WRA_A,5btg_K_LFX_levofloxacin,0.584636,6070
2ALM_A,5btg_K_LFX_levofloxacin,0.582392,3783
2BIB_A,5btg_K_LFX_levofloxacin,0.577342,5458
2BML_A,5btg_K_LFX_levofloxacin,1.10179,2586
2JKB_A,5btg_K_LFX_levofloxacin,0.114211,6450
2L4O_A,5btg_K_LFX_levofloxacin,-0.00168635,1603
2NOV_A,5btg_K_LFX_levofloxacin,0.513545,17468
2RJT_A,5btg_K_LFX_levofloxacin,1.26651,14858
2V04_A,5btg_K_LFX_levofloxacin,0.999472,3182
2VEF_A,5btg_K_LFX_levofloxacin,0.493451,5209
2VVZ_A,5btg_K_LFX_levofloxacin,0.970161,9240
2VW0_A,5btg_K_LFX_levofloxacin,0.765145,6411
2VYU_A,5btg_K_LFX_levofloxacin,0.786782,3072
2W1J_A,5btg_K_LFX_levofloxacin,0.640772,3743
2W1K_A,5btg_K_LFX_levofloxacin,0.655779,4040
2W20_A,5btg_K_LFX_levofloxacin,0.962137,9220
2WAD_A,5btg_K_LFX_levofloxacin,1.2872,16882
2WAE_A,5btg_K_LFX_levofloxacin,0.804958,5650
2WAF_A,5btg_K_LFX_levofloxacin,-0.742062,5780
2WJD_A,5btg_K_LFX_levofloxacin,-0.0624328,2455
2WW8_A,5btg_K_LFX_levofloxacin,1.10522,7945
2X9W_A,5btg_K_LFX_levofloxacin,0.0606113,4188
2X9Y_A,5btg_K_LFX_levofloxacin,0.377196,4160
2X9Z_A,5btg_K_LFX_levofloxacin,0.361637,2470
2XD2_A,5btg_K_LFX_levofloxacin,0.615173,7055
2XXP_A,5btg_K_LFX_levofloxacin,0.7843,3593
2XXQ_A,5btg_K_LFX_levofloxacin,0.896851,3575
2Y1V_A,5btg_K_LFX_levofloxacin,1.23476,16886
2YA4_A,5btg_K_LFX_levofloxacin,0.752672,9239
2Z2L_A,5btg_K_LFX_levofloxacin,1.09708,12024
2Z2L_B,5btg_K_LFX_levofloxacin,1.14236,12024
2Z2L_C,5btg_K_LFX_levofloxacin,1.13553,12024
2Z6I_A,5btg_K_LFX_levofloxacin,0.642342,5748
2Z6J_A,5btg_K_LFX_levofloxacin,0.441932,5504
3CX3_A,5btg_K_LFX_levofloxacin,0.57172,5062
3H71_A,5btg_K_LFX_levofloxacin,0.839592,9324
3H72_A,5btg_K_LFX_levofloxacin,0.664323,9324
3HIA_A,5btg_K_LFX_levofloxacin,1.12562,2269
3IX9_A,5btg_K_LFX_levofloxacin,0.774005,3386
3QY8_A,5btg_K_LFX_levofloxacin,0.709244,2450
3RPK_A,5btg_K_LFX_levofloxacin,1.21526,11034
3S46_A,5btg_K_LFX_levofloxacin,-0.0925986,6814
3ZH3_A,5btg_K_LFX_levofloxacin,0.971725,3828
3ZH4_A,5btg_K_LFX_levofloxacin,0.270629,3813
3ZK7_A,5btg_K_LFX_levofloxacin,0.821076,5442
3ZK8_A,5btg_K_LFX_levofloxacin,0.807587,5444
3ZK9_A,5btg_K_LFX_levofloxacin,0.873263,5446
3ZPP_A,5btg_K_LFX_levofloxacin,0.452507,4022
4CNL_A,5btg_K_LFX_levofloxacin,0.603417,1873
4D0Q_A,5btg_K_LFX_levofloxacin,0.650069,1596
4D0Y_A,5btg_K_LFX_levofloxacin,0.947511,3608
4DE8_A,5btg_K_LFX_levofloxacin,0.959999,3588
4HYE_A,5btg_K_LFX_levofloxacin,-0.180833,3870
4IVV_A,5btg_K_LFX_levofloxacin,0.506163,1701
4IWT_A,5btg_K_LFX_levofloxacin,-0.322564,2948
4MR0_A,5btg_K_LFX_levofloxacin,0.513077,8578
4OQ1_A,5btg_K_LFX_levofloxacin,0.285911,3276
4QQA_A,5btg_K_LFX_levofloxacin,0.585961,4722
4UTO_A,5btg_K_LFX_levofloxacin,0.839605,5440
4UTP_A,5btg_K_LFX_levofloxacin,0.995095,5538
4X36_A,5btg_K_LFX_levofloxacin,0.925312,3171
4XE9_A,5btg_K_LFX_levofloxacin,0.571442,6416
4XMA_A,5btg_K_LFX_levofloxacin,1.08686,6408
4XOG_A,5btg_K_LFX_levofloxacin,0.274247,6433
4XYX_A,5btg_K_LFX_levofloxacin,0.744886,6439
4YW1_A,5btg_K_LFX_levofloxacin,0.811071,12902
4YZ1_A,5btg_K_LFX_levofloxacin,0.760622,12842
4ZGH_A,5btg_K_LFX_levofloxacin,0.875635,4625
4ZMR_A,5btg_K_LFX_levofloxacin,0.470695,3929
5AOD_A,5btg_K_LFX_levofloxacin,-0.129878,4631
5AOE_A,5btg_K_LFX_levofloxacin,1.30282,9510
5AOF_A,5btg_K_LFX_levofloxacin,-0.168718,4757
5CR6_D,5btg_K_LFX_levofloxacin,-0.24736,4577
5CR8_A,5btg_K_LFX_levofloxacin,0.268878,2334
5CTV_A,5btg_K_LFX_levofloxacin,0.903467,1770
5J5P_A,5btg_K_LFX_levofloxacin,1.04527,7553
5KKY_A,5btg_K_LFX_levofloxacin,0.811459,9239
5LY6_B,5btg_K_LFX_levofloxacin,-0.179037,4599
5WI5_A,5btg_K_LFX_levofloxacin,1.26577,15464
5XU0_A,5btg_K_LFX_levofloxacin,0.935332,6342
5XU1_A,5btg_K_LFX_levofloxacin,0.996042,11370
5XU1_M,5btg_K_LFX_levofloxacin,0.654373,11370
5YIG_A,5btg_K_LFX_levofloxacin,0.174651,3655
6EB7_A,5btg_K_LFX_levofloxacin,-0.0700692,1158
6FMG_A,5btg_K_LFX_levofloxacin,0.486047,5098
6HE6_A,5btg_K_LFX_levofloxacin,0.872894,2326
6HFX_A,5btg_K_LFX_levofloxacin,0.255351,2270
6JMP_A,5btg_K_LFX_levofloxacin,0.25352,4589
6JYX_A,5btg_K_LFX_levofloxacin,0.717229,6053
6MK7_A,5btg_K_LFX_levofloxacin,0.783556,1105
6PON_A,5btg_K_LFX_levofloxacin,0.447722,5161
6PQL_A,5btg_K_LFX_levofloxacin,1.39933,14836
6Z4W_A,5btg_K_LFX_levofloxacin,-0.0823696,2282
6Z63_A,5btg_K_LFX_levofloxacin,0.731564,6746
7A54_A,5btg_K_LFX_levofloxacin,-0.342382,9264
7JJ8_A,5btg_K_LFX_levofloxacin,0.855053,10194
7JJ9_A,5btg_K_LFX_levofloxacin,0.673442,4490
7JJA_A,5btg_K_LFX_levofloxacin,0.161031,1822
7PL2_A,5btg_K_LFX_levofloxacin,1.09101,4158
7T2A_C,5btg_K_LFX_levofloxacin,1.07243,7396
8HF4_A,5btg_K_LFX_levofloxacin,-0.251267,10812
8HF6_A,5btg_K_LFX_levofloxacin,0.750822,10816
AF-A0A0B7KV51-F1-model_v6,5btg_K_LFX_levofloxacin,-0.651446,2866
AF-A0A0B7KZH3-F1-model_v6,5btg_K_LFX_levofloxacin,1.06989,2464
AF-A0A0B7L047-F1-model_v6,5btg_K_LFX_levofloxacin,0.955767,1961
AF-A0A0B7L2C4-F1-model_v6,5btg_K_LFX_levofloxacin,0.0330935,1853
AF-A0A0B7LC21-F1-model_v6,5btg_K_LFX_levofloxacin,-0.134625,2366
AF-A0A0B7LCH0-F1-model_v6,5btg_K_LFX_levofloxacin,-1.45354E-14,4989
AF-A0A0B7LIE2-F1-model_v6,5btg_K_LFX_levofloxacin,-0.601742,8260
AF-A0A0E8ZM54-F1-model_v6,5btg_K_LFX_levofloxacin,-0.539467,2797
AF-A0A0H2UN20-F1-model_v6,5btg_K_LFX_levofloxacin,0.44018,2093
AF-A0A0H2UND3-F1-model_v6,5btg_K_LFX_levofloxacin,0.186889,2567
AF-A0A0H2UNX8-F1-model_v6,5btg_K_LFX_levofloxacin,0.713272,738
AF-A0A0H2ZM30-F1-model_v6,5btg_K_LFX_levofloxacin,-1.17359,2626
AF-A0A0H2ZNX2-F1-model_v6,5btg_K_LFX_levofloxacin,0.744447,4560
AF-A0A0T8G4V9-F1-model_v6,5btg_K_LFX_levofloxacin,0.471517,1360
AF-A0A1H1R4D7-F1-model_v6,5btg_K_LFX_levofloxacin,0.894234,2725
AF-A0A237JKZ5-F1-model_v6,5btg_K_LFX_levofloxacin,0.850437,1914
AF-A0A2X3V8L4-F1-model_v6,5btg_K_LFX_levofloxacin,0.853116,5650
AF-A0A3A4S4J8-F1-model_v6,5btg_K_LFX_levofloxacin,0.726323,2662
AF-A0A3R9M168-F1-model_v6,5btg_K_LFX_levofloxacin,-1.08108,4376
AF-A0A4J1UGG0-F1-model_v6,5btg_K_LFX_levofloxacin,0.622631,4311
AF-A0A4J1UII4-F1-model_v6,5btg_K_LFX_levofloxacin,0.658396,1749
AF-A0A4J1VGK4-F1-model_v6,5btg_K_LFX_levofloxacin,0.435669,2876
AF-A0A4J1VSB1-F1-model_v6,5btg_K_LFX_levofloxacin,0.217854,2351
AF-A0A4J1VZA0-F1-model_v6,5btg_K_LFX_levofloxacin,1.02543,2411
AF-A0A4J1WF80-F1-model_v6,5btg_K_LFX_levofloxacin,0.426172,4275
AF-A0A4J1WRN7-F1-model_v6,5btg_K_LFX_levofloxacin,0.855781,2035
AF-A0A4J1WWI9-F1-model_v6,5btg_K_LFX_levofloxacin,-0.185958,2334
AF-A0A4J1WXG5-F1-model_v6,5btg_K_LFX_levofloxacin,1.2707,4255
AF-A0A4L7JIJ9-F1-model_v6,5btg_K_LFX_levofloxacin,0.592665,5353
AF-A0A4L7JNS5-F1-model_v6,5btg_K_LFX_levofloxacin,0.844779,11864
AF-A0A4R3L5A4-F1-model_v6,5btg_K_LFX_levofloxacin,-0.185097,1047
AF-A0A6I3UCE5-F1-model_v6,5btg_K_LFX_levofloxacin,0.665336,2425
AF-A0A916L5M1-F1-model_v6,5btg_K_LFX_levofloxacin,-0.548877,1075
AF-A0AA89KWM9-F1-model_v6,5btg_K_LFX_levofloxacin,0.250516,2637
AF-A0AAE6YR42-F1-model_v6,5btg_K_LFX_levofloxacin,0.460316,3293
AF-A0AAI9A065-F1-model_v6,5btg_K_LFX_levofloxacin,1.0659,2194
AF-A0AAJ5P3Y6-F1-model_v6,5btg_K_LFX_levofloxacin,0.736886,4844
AF-A0AAJ5P5J3-F1-model_v6,5btg_K_LFX_levofloxacin,0.573878,2844
AF-A0AAW5WQ32-F1-model_v6,5btg_K_LFX_levofloxacin,0.552981,2657
AF-A0AAW6XTF7-F1-model_v6,5btg_K_LFX_levofloxacin,0.699138,2885
AF-B2ISJ9-F1-model_v6,5btg_K_LFX_levofloxacin,0.0936447,6601
AF-C1C6U9-F1-model_v6,5btg_K_LFX_levofloxacin,1.01085,3656
AF-C1C8J0-F1-model_v6,5btg_K_LFX_levofloxacin,0.164632,2123
AF-C1C8P0-F1-model_v6,5btg_K_LFX_levofloxacin,0.00000769231,3005
AF-C1CAB1-F1-model_v6,5btg_K_LFX_levofloxacin,1.04635,3914
AF-C1CD75-F1-model_v6,5btg_K_LFX_levofloxacin,0.711897,1652
AF-G3GGL5-F1-model_v6,5btg_K_LFX_levofloxacin,0.282705,2212
AF-G3GGT8-F1-model_v6,5btg_K_LFX_levofloxacin,0.97494,2231
1C82_A,5igi_C_ZIT_azithromycin,1.03133,7175
1GVM_A,5igi_C_ZIT_azithromycin,0.713228,7846
1H8G_A,5igi_C_ZIT_azithromycin,,1929
1HCX_A,5igi_C_ZIT_azithromycin,0.360548,2630
1IB8_A,5igi_C_ZIT_azithromycin,-2.54952,1581
1LOH_A,5igi_C_ZIT_azithromycin,0.447816,7190
1N7N_A,5igi_C_ZIT_azithromycin,0.659219,7182
1N7O_A,5igi_C_ZIT_azithromycin,0.382504,7188
1N7P_A,5igi_C_ZIT_azithromycin,0.935927,7178
1N7Q_A,5igi_C_ZIT_azithromycin,0.784746,7172
1N7R_A,5igi_C_ZIT_azithromycin,0.512929,7168
1NXO_A,5igi_C_ZIT_azithromycin,-1.55767,1178
1NXT_A,5igi_C_ZIT_azithromycin,-0.0332128,1173
1OJM_A,5igi_C_ZIT_azithromycin,0.778072,7202
1OJN_A,5igi_C_ZIT_azithromycin,,7212
1OJO_A,5igi_C_ZIT_azithromycin,0.503392,7212
1OX0_A,5igi_C_ZIT_azithromycin,-1.45787,3838
1PMD_A,5igi_C_ZIT_azithromycin,-0.330422,6402
1PSZ_A,5igi_C_ZIT_azithromycin,0.448689,2835
1PYY_A,5igi_C_ZIT_azithromycin,0.467032,5734
1Q3T_A,5igi_C_ZIT_azithromycin,-0.373072,2168
1QME_A,5igi_C_ZIT_azithromycin,0.0344412,5256
1RP5_A,5igi_C_ZIT_azithromycin,0.44989,12954
1WRA_A,5igi_C_ZIT_azithromycin,0.816404,6096
2ALM_A,5igi_C_ZIT_azithromycin,-0.47165,3809
2BIB_A,5igi_C_ZIT_azithromycin,0.536221,5484
2BML_A,5igi_C_ZIT_azithromycin,-0.0115196,2612
2JKB_A,5igi_C_ZIT_azithromycin,0.964422,6476
2L4O_A,5igi_C_ZIT_azithromycin,0.444718,1629
2NOV_A,5igi_C_ZIT_azithromycin,0.752269,17494
2RJT_A,5igi_C_ZIT_azithromycin,0.840849,14884
2V04_A,5igi_C_ZIT_azithromycin,-0.0287015,3208
2VEF_A,5igi_C_ZIT_azithromycin,0.707507,5235
2VVZ_A,5igi_C_ZIT_azithromycin,1.03352,9266
2VW0_A,5igi_C_ZIT_azithromycin,0.517544,6437
2VYU_A,5igi_C_ZIT_azithromycin,0.237619,3098
2W1J_A,5igi_C_ZIT_azithromycin,0.340496,3769
2W1K_A,5igi_C_ZIT_azithromycin,0.892135,4066
2W20_A,5igi_C_ZIT_azithromycin,0.141642,9246
2WAD_A,5igi_C_ZIT_azithromycin,0.470299,16908
2WAE_A,5igi_C_ZIT_azithromycin,-0.0569876,5676
2WAF_A,5igi_C_ZIT_azithromycin,-0.707713,5806
2WJD_A,5igi_C_ZIT_azithromycin,0.0202334,2481
2WW8_A,5igi_C_ZIT_azithromycin,1.01924,7971
2X9W_A,5igi_C_ZIT_azithromycin,-0.122837,4214
2X9Y_A,5igi_C_ZIT_azithromycin,0.131495,4186
2X9Z_A,5igi_C_ZIT_azithromycin,0.304043,2496
2XD2_A,5igi_C_ZIT_azithromycin,0.693272,7081
2XXP_A,5igi_C_ZIT_azithromycin,0.679378,3619
2XXQ_A,5igi_C_ZIT_azithromycin,-0.184312,3601
2Y1V_A,5igi_C_ZIT_azithromycin,1.27786,16912
2YA4_A,5igi_C_ZIT_azithromycin,0.761228,9265
2Z2L_A,5igi_C_ZIT_azithromycin,1.22788,12050
2Z2L_B,5igi_C_ZIT_azithromycin,1.23939,12050
2Z2L_C,5igi_C_ZIT_azithromycin,0.992438,12050
2Z6I_A,5igi_C_ZIT_azithromycin,-0.03074,5774
2Z6J_A,5igi_C_ZIT_azithromycin,0.337106,5530
3CX3_A,5igi_C_ZIT_azithromycin,0.662268,5088
3H71_A,5igi_C_ZIT_azithromycin,0.810176,9350
3H72_A,5igi_C_ZIT_azithromycin,0.170109,9350
3HIA_A,5igi_C_ZIT_azithromycin,0.164483,2295
3IX9_A,5igi_C_ZIT_azithromycin,-0.154739,3412
3QY8_A,5igi_C_ZIT_azithromycin,-0.0155216,2476
3RPK_A,5igi_C_ZIT_azithromycin,1.19365,11060
3S46_A,5igi_C_ZIT_azithromycin,-0.138712,6840
3ZH3_A,5igi_C_ZIT_azithromycin,0.446852,3854
3ZH4_A,5igi_C_ZIT_azithromycin,-0.504179,3839
3ZK7_A,5igi_C_ZIT_azithromycin,0.460949,5468
3ZK8_A,5igi_C_ZIT_azithromycin,0.19324,5470
3ZK9_A,5igi_C_ZIT_azithromycin,0.978834,5472
3ZPP_A,5igi_C_ZIT_azithromycin,0.360989,4048
4CNL_A,5igi_C_ZIT_azithromycin,-0.122897,1899
4D0Q_A,5igi_C_ZIT_azithromycin,0.10139,1622
4D0Y_A,5igi_C_ZIT_azithromycin,0.655343,3634
4DE8_A,5igi_C_ZIT_azithromycin,0.172816,3614
4HYE_A,5igi_C_ZIT_azithromycin,-0.760083,3896
4IVV_A,5igi_C_ZIT_azithromycin,0.511345,1727
4IWT_A,5igi_C_ZIT_azithromycin,0.0847103,2974
4MR0_A,5igi_C_ZIT_azithromycin,0.94105,8604
4OQ1_A,5igi_C_ZIT_azithromycin,0.2095,3302
4QQA_A,5igi_C_ZIT_azithromycin,,4748
4UTO_A,5igi_C_ZIT_azithromycin,0.331243,5466
4UTP_A,5igi_C_ZIT_azithromycin,-0.857747,5564
4X36_A,5igi_C_ZIT_azithromycin,0.626874,3197
4XE9_A,5igi_C_ZIT_azithromycin,0.593317,6442
4XMA_A,5igi_C_ZIT_azithromycin,0.941333,6434
4XOG_A,5igi_C_ZIT_azithromycin,-0.174941,6459
4XYX_A,5igi_C_ZIT_azithromycin,0.305281,6465
4YW1_A,5igi_C_ZIT_azithromycin,0.955353,12928
4YZ1_A,5igi_C_ZIT_azithromycin,0.376125,12868
4ZGH_A,5igi_C_ZIT_azithromycin,,4651
4ZMR_A,5igi_C_ZIT_azithromycin,-0.438126,3955
5AOD_A,5igi_C_ZIT_azithromycin,0.208283,4657
5AOE_A,5igi_C_ZIT_azithromycin,-0.412669,9536
5AOF_A,5igi_C_ZIT_azithromycin,-1.32887,4783
5CR6_D,5igi_C_ZIT_azithromycin,,4603
5CR8_A,5igi_C_ZIT_azithromycin,0.0418306,2360
5CTV_A,5igi_C_ZIT_azithromycin,0.233726,1796
5J5P_A,5igi_C_ZIT_azithromycin,-0.0911615,7579
5KKY_A,5igi_C_ZIT_azithromycin,0.0622514,9265
5LY6_B,5igi_C_ZIT_azithromycin,,4625
5WI5_A,5igi_C_ZIT_azithromycin,0.278916,15490
5XU0_A,5igi_C_ZIT_azithromycin,1.10483,6368
5XU1_A,5igi_C_ZIT_azithromycin,0.976301,11396
5XU1_M,5igi_C_ZIT_azithromycin,0.824549,11396
5YIG_A,5igi_C_ZIT_azithromycin,-0.27682,3681
6EB7_A,5igi_C_ZIT_azithromycin,0.318732,1184
6FMG_A,5igi_C_ZIT_azithromycin,0.67287,5124
6HE6_A,5igi_C_ZIT_azithromycin,0.493871,2352
6HFX_A,5igi_C_ZIT_azithromycin,0.238469,2296
6JMP_A,5igi_C_ZIT_azithromycin,0.0981184,4615
6JYX_A,5igi_C_ZIT_azithromycin,1.04912,6079
6MK7_A,5igi_C_ZIT_azithromycin,0.18785,1131
6PON_A,5igi_C_ZIT_azithromycin,0.462976,5187
6PQL_A,5igi_C_ZIT_azithromycin,0.965937,14862
6Z4W_A,5igi_C_ZIT_azithromycin,0.407501,2308
6Z63_A,5igi_C_ZIT_azithromycin,0.464678,6772
7A54_A,5igi_C_ZIT_azithromycin,-0.504242,9290
7JJ8_A,5igi_C_ZIT_azithromycin,0.558217,10220
7JJ9_A,5igi_C_ZIT_azithromycin,0.792618,4516
7JJA_A,5igi_C_ZIT_azithromycin,0.296383,1848
7PL2_A,5igi_C_ZIT_azithromycin,0.197627,4184
7T2A_C,5igi_C_ZIT_azithromycin,0.94244,7422
8HF4_A,5igi_C_ZIT_azithromycin,0.821688,10838
8HF6_A,5igi_C_ZIT_azithromycin,0.255714,10842
AF-A0A0B7KV51-F1-model_v6,5igi_C_ZIT_azithromycin,0.578701,2892
AF-A0A0B7KZH3-F1-model_v6,5igi_C_ZIT_azithromycin,0.066525,2490
AF-A0A0B7L047-F1-model_v6,5igi_C_ZIT_azithromycin,,1987
AF-A0A0B7L2C4-F1-model_v6,5igi_C_ZIT_azithromycin,-0.537032,1879
AF-A0A0B7LC21-F1-model_v6,5igi_C_ZIT_azithromycin,0.295656,2392
AF-A0A0B7LCH0-F1-model_v6,5igi_C_ZIT_azithromycin,0.00000384615,5015
AF-A0A0B7LIE2-F1-model_v6,5igi_C_ZIT_azithromycin,0.245897,8286
AF-A0A0E8ZM54-F1-model_v6,5igi_C_ZIT_azithromycin,-0.0676441,2823
AF-A0A0H2UN20-F1-model_v6,5igi_C_ZIT_azithromycin,0.570681,2119
AF-A0A0H2UND3-F1-model_v6,5igi_C_ZIT_azithromycin,0.00334928,2593
AF-A0A0H2UNX8-F1-model_v6,5igi_C_ZIT_azithromycin,0.440863,764
AF-A0A0H2ZM30-F1-model_v6,5igi_C_ZIT_azithromycin,-0.385639,2652
AF-A0A0H2ZNX2-F1-model_v6,5igi_C_ZIT_azithromycin,0.281991,4586
AF-A0A0T8G4V9-F1-model_v6,5igi_C_ZIT_azithromycin,0.378027,1386
AF-A0A1H1R4D7-F1-model_v6,5igi_C_ZIT_azithromycin,0.161056,2751
AF-A0A237JKZ5-F1-model_v6,5igi_C_ZIT_azithromycin,0.75976,1940
AF-A0A2X3V8L4-F1-model_v6,5igi_C_ZIT_azithromycin,0.126633,5676
AF-A0A3A4S4J8-F1-model_v6,5igi_C_ZIT_azithromycin,0.702253,2688
AF-A0A3R9M168-F1-model_v6,5igi_C_ZIT_azithromycin,0.419693,4402
AF-A0A4J1UGG0-F1-model_v6,5igi_C_ZIT_azithromycin,-0.248635,4337
AF-A0A4J1UII4-F1-model_v6,5igi_C_ZIT_azithromycin,0.426766,1775
AF-A0A4J1VGK4-F1-model_v6,5igi_C_ZIT_azithromycin,0.158376,2902
AF-A0A4J1VSB1-F1-model_v6,5igi_C_ZIT_azithromycin,0.201342,2377
AF-A0A4J1VZA0-F1-model_v6,5igi_C_ZIT_azithromycin,,2437
AF-A0A4J1WF80-F1-model_v6,5igi_C_ZIT_azithromycin,0.101027,4301
AF-A0A4J1WRN7-F1-model_v6,5igi_C_ZIT_azithromycin,0.0312839,2061
AF-A0A4J1WWI9-F1-model_v6,5igi_C_ZIT_azithromycin,,2360
AF-A0A4J1WXG5-F1-model_v6,5igi_C_ZIT_azithromycin,0.914857,4281
AF-A0A4L7JIJ9-F1-model_v6,5igi_C_ZIT_azithromycin,-0.0229438,5379
AF-A0A4L7JNS5-F1-model_v6,5igi_C_ZIT_azithromycin,0.87689,11890
AF-A0A4R3L5A4-F1-model_v6,5igi_C_ZIT_azithromycin,-1.31508,1073
AF-A0A6I3UCE5-F1-model_v6,5igi_C_ZIT_azithromycin,0.795061,2451
AF-A0A916L5M1-F1-model_v6,5igi_C_ZIT_azithromycin,-1.19455,1101
AF-A0AA89KWM9-F1-model_v6,5igi_C_ZIT_azithromycin,0.187585,2663
AF-A0AAE6YR42-F1-model_v6,5igi_C_ZIT_azithromycin,-0.25271,3319
AF-A0AAI9A065-F1-model_v6,5igi_C_ZIT_azithromycin,0.750483,2220
AF-A0AAJ5P3Y6-F1-model_v6,5igi_C_ZIT_azithromycin,0.492204,4870
AF-A0AAJ5P5J3-F1-model_v6,5igi_C_ZIT_azithromycin,,2870
AF-A0AAW5WQ32-F1-model_v6,5igi_C_ZIT_azithromycin,0.524936,2683
AF-A0AAW6XTF7-F1-model_v6,5igi_C_ZIT_azithromycin,0.401069,2911
AF-B2ISJ9-F1-model_v6,5igi_C_ZIT_azithromycin,0.629749,6627
AF-C1C6U9-F1-model_v6,5igi_C_ZIT_azithromycin,0.739478,3682
AF-C1C8J0-F1-model_v6,5igi_C_ZIT_azithromycin,-0.0125165,2149
AF-C1C8P0-F1-model_v6,5igi_C_ZIT_azithromycin,-0.00000769231,3031
AF-C1CAB1-F1-model_v6,5igi_C_ZIT_azithromycin,1.05626,3940
AF-C1CD75-F1-model_v6,5igi_C_ZIT_azithromycin,,1678
AF-G3GGL5-F1-model_v6,5igi_C_ZIT_azithromycin,0.500514,2238
AF-G3GGT8-F1-model_v6,5igi_C_ZIT_azithromycin,0.935697,2257
1C82_A,5igj_C_CTY_clarithromycin,,7175
1GVM_A,5igj_C_CTY_clarithromycin,0.465668,7846
1H8G_A,5igj_C_CTY_clarithromycin,0.36703,1929
1HCX_A,5igj_C_CTY_clarithromycin,0.564138,2630
1IB8_A,5igj_C_CTY_clarithromycin,-2.99091,1581
1LOH_A,5igj_C_CTY_clarithromycin,0.35853,7190
1N7N_A,5igj_C_CTY_clarithromycin,0.0356023,7182
1N7O_A,5igj_C_CTY_clarithromycin,0.753216,7188
1N7P_A,5igj_C_CTY_clarithromycin,0.313007,7178
1N7Q_A,5igj_C_CTY_clarithromycin,0.458443,7172
1N7R_A,5igj_C_CTY_clarithromycin,-0.173173,7168
1NXO_A,5igj_C_CTY_clarithromycin,,1178
1NXT_A,5igj_C_CTY_clarithromycin,0.110418,1173
1OJM_A,5igj_C_CTY_clarithromycin,,7202
1OJN_A,5igj_C_CTY_clarithromycin,0.235982,7212
1OJO_A,5igj_C_CTY_clarithromycin,0.413947,7212
1OX0_A,5igj_C_CTY_clarithromycin,,3838
1PMD_A,5igj_C_CTY_clarithromycin,,6402
1PSZ_A,5igj_C_CTY_clarithromycin,0.515086,2835
1PYY_A,5igj_C_CTY_clarithromycin,1.08052,5734
1Q3T_A,5igj_C_CTY_clarithromycin,0.0279575,2168
1QME_A,5igj_C_CTY_clarithromycin,0.340563,5256
1RP5_A,5igj_C_CTY_clarithromycin,0.403871,12954
1WRA_A,5igj_C_CTY_clarithromycin,0.967911,6096
2ALM_A,5igj_C_CTY_clarithromycin,,3809
2BIB_A,5igj_C_CTY_clarithromycin,0.684904,5484
2BML_A,5igj_C_CTY_clarithromycin,0.564821,2612
2JKB_A,5igj_C_CTY_clarithromycin,0.698496,6476
2L4O_A,5igj_C_CTY_clarithromycin,,1629
2NOV_A,5igj_C_CTY_clarithromycin,,17494
2RJT_A,5igj_C_CTY_clarithromycin,0.624062,14884
2V04_A,5igj_C_CTY_clarithromycin,0.696367,3208
2VEF_A,5igj_C_CTY_clarithromycin,,5235
2VVZ_A,5igj_C_CTY_clarithromycin,,9266
2VW0_A,5igj_C_CTY_clarithromycin,0.287639,6437
2VYU_A,5igj_C_CTY_clarithromycin,0.536316,3098
2W1J_A,5igj_C_CTY_clarithromycin,0.063763,3769
2W1K_A,5igj_C_CTY_clarithromycin,0.587585,4066
2W20_A,5igj_C_CTY_clarithromycin,0.664976,9246
2WAD_A,5igj_C_CTY_clarithromycin,0.615684,16908
2WAE_A,5igj_C_CTY_clarithromycin,,5676
2WAF_A,5igj_C_CTY_clarithromycin,,5806
2WJD_A,5igj_C_CTY_clarithromycin,0.0967038,2481
2WW8_A,5igj_C_CTY_clarithromycin,0.431804,7971
2X9W_A,5igj_C_CTY_clarithromycin,0.502773,4214
2X9Y_A,5igj_C_CTY_clarithromycin,0.0227683,4186
2X9Z_A,5igj_C_CTY_clarithromycin,0.513665,2496
2XD2_A,5igj_C_CTY_clarithromycin,,7081
2XXP_A,5igj_C_CTY_clarithromycin,,3619
2XXQ_A,5igj_C_CTY_clarithromycin,0.862628,3601
2Y1V_A,5igj_C_CTY_clarithromycin,1.10433,16912
2YA4_A,5igj_C_CTY_clarithromycin,0.92016,9265
2Z2L_A,5igj_C_CTY_clarithromycin,1.21102,12050
2Z2L_B,5igj_C_CTY_clarithromycin,1.23044,12050
2Z2L_C,5igj_C_CTY_clarithromycin,1.29519,12050
2Z6I_A,5igj_C_CTY_clarithromycin,0.363929,5774
2Z6J_A,5igj_C_CTY_clarithromycin,0.281461,5530
3CX3_A,5igj_C_CTY_clarithromycin,0.375247,5088
3H71_A,5igj_C_CTY_clarithromycin,0.493281,9350
3H72_A,5igj_C_CTY_clarithromycin,,9350
3HIA_A,5igj_C_CTY_clarithromycin,0.29476,2295
3IX9_A,5igj_C_CTY_clarithromycin,0.193748,3412
3QY8_A,5igj_C_CTY_clarithromycin,0.0504848,2476
3RPK_A,5igj_C_CTY_clarithromycin,,11060
3S46_A,5igj_C_CTY_clarithromycin,-0.479389,6840
3ZH3_A,5igj_C_CTY_clarithromycin,0.485213,3854
3ZH4_A,5igj_C_CTY_clarithromycin,0.88827,3839
3ZK7_A,5igj_C_CTY_clarithromycin,,5468
3ZK8_A,5igj_C_CTY_clarithromycin,0.618369,5470
3ZK9_A,5igj_C_CTY_clarithromycin,,5472
3ZPP_A,5igj_C_CTY_clarithromycin,,4048
4CNL_A,5igj_C_CTY_clarithromycin,0.560114,1899
4D0Q_A,5igj_C_CTY_clarithromycin,0.378524,1622
4D0Y_A,5igj_C_CTY_clarithromycin,,3634
4DE8_A,5igj_C_CTY_clarithromycin,-0.231328,3614
4HYE_A,5igj_C_CTY_clarithromycin,-0.632447,3896
4IVV_A,5igj_C_CTY_clarithromycin,0.238546,1727
4IWT_A,5igj_C_CTY_clarithromycin,0.535642,2974
4MR0_A,5igj_C_CTY_clarithromycin,0.669783,8604
4OQ1_A,5igj_C_CTY_clarithromycin,0.621994,3302
4QQA_A,5igj_C_CTY_clarithromycin,0.231647,4748
4UTO_A,5igj_C_CTY_clarithromycin,0.966778,5466
4UTP_A,5igj_C_CTY_clarithromycin,1.12709,5564
4X36_A,5igj_C_CTY_clarithromycin,,3197
4XE9_A,5igj_C_CTY_clarithromycin,0.768987,6442
4XMA_A,5igj_C_CTY_clarithromycin,0.869328,6434
4XOG_A,5igj_C_CTY_clarithromycin,0.492064,6459
4XYX_A,5igj_C_CTY_clarithromycin,0.701928,6465
4YW1_A,5igj_C_CTY_clarithromycin,,12928
4YZ1_A,5igj_C_CTY_clarithromycin,0.666382,12868
4ZGH_A,5igj_C_CTY_clarithromycin,,4651
4ZMR_A,5igj_C_CTY_clarithromycin,0.496965,3955
5AOD_A,5igj_C_CTY_clarithromycin,,4657
5AOE_A,5igj_C_CTY_clarithromycin,,9536
5AOF_A,5igj_C_CTY_clarithromycin,0.647385,4783
5CR6_D,5igj_C_CTY_clarithromycin,0.464201,4603
5CR8_A,5igj_C_CTY_clarithromycin,-0.0455466,2360
5CTV_A,5igj_C_CTY_clarithromycin,0.0724405,1796
5J5P_A,5igj_C_CTY_clarithromycin,1.03376,7579
5KKY_A,5igj_C_CTY_clarithromycin,0.545923,9265
5LY6_B,5igj_C_CTY_clarithromycin,-1.3984,4625
5WI5_A,5igj_C_CTY_clarithromycin,0.331361,15490
5XU0_A,5igj_C_CTY_clarithromycin,,6368
5XU1_A,5igj_C_CTY_clarithromycin,0.984995,11396
5XU1_M,5igj_C_CTY_clarithromycin,0.563126,11396
5YIG_A,5igj_C_CTY_clarithromycin,0.0869913,3681
6EB7_A,5igj_C_CTY_clarithromycin,0.317801,1184
6FMG_A,5igj_C_CTY_clarithromycin,0.576842,5124
6HE6_A,5igj_C_CTY_clarithromycin,-0.330667,2352
6HFX_A,5igj_C_CTY_clarithromycin,0.643584,2296
6JMP_A,5igj_C_CTY_clarithromycin,,4615
6JYX_A,5igj_C_CTY_clarithromycin,0.768518,6079
6MK7_A,5igj_C_CTY_clarithromycin,-0.641999,1131
6PON_A,5igj_C_CTY_clarithromycin,1.12139,5187
6PQL_A,5igj_C_CTY_clarithromycin,1.22137,14862
6Z4W_A,5igj_C_CTY_clarithromycin,0.157635,2308
6Z63_A,5igj_C_CTY_clarithromycin,,6772
7A54_A,5igj_C_CTY_clarithromycin,0.161988,9290
7JJ8_A,5igj_C_CTY_clarithromycin,,10220
7JJ9_A,5igj_C_CTY_clarithromycin,0.550668,4516
7JJA_A,5igj_C_CTY_clarithromycin,0.911074,1848
7PL2_A,5igj_C_CTY_clarithromycin,0.260683,4184
7T2A_C,5igj_C_CTY_clarithromycin,,7422
8HF4_A,5igj_C_CTY_clarithromycin,0.80517,10838
8HF6_A,5igj_C_CTY_clarithromycin,,10842
AF-A0A0B7KV51-F1-model_v6,5igj_C_CTY_clarithromycin,0.900907,2892
AF-A0A0B7KZH3-F1-model_v6,5igj_C_CTY_clarithromycin,0.684306,2490
AF-A0A0B7L047-F1-model_v6,5igj_C_CTY_clarithromycin,,1987
AF-A0A0B7L2C4-F1-model_v6,5igj_C_CTY_clarithromycin,0.384492,1879
AF-A0A0B7LC21-F1-model_v6,5igj_C_CTY_clarithromycin,0.210164,2392
AF-A0A0B7LCH0-F1-model_v6,5igj_C_CTY_clarithromycin,,5015
AF-A0A0B7LIE2-F1-model_v6,5igj_C_CTY_clarithromycin,0.48561,8286
AF-A0A0E8ZM54-F1-model_v6,5igj_C_CTY_clarithromycin,0.641147,2823
AF-A0A0H2UN20-F1-model_v6,5igj_C_CTY_clarithromycin,0.594922,2119
AF-A0A0H2UND3-F1-model_v6,5igj_C_CTY_clarithromycin,,2593
AF-A0A0H2UNX8-F1-model_v6,5igj_C_CTY_clarithromycin,0.618447,764
AF-A0A0H2ZM30-F1-model_v6,5igj_C_CTY_clarithromycin,0.577533,2652
AF-A0A0H2ZNX2-F1-model_v6,5igj_C_CTY_clarithromycin,0.564755,4586
AF-A0A0T8G4V9-F1-model_v6,5igj_C_CTY_clarithromycin,0.482886,1386
AF-A0A1H1R4D7-F1-model_v6,5igj_C_CTY_clarithromycin,0.618107,2751
AF-A0A237JKZ5-F1-model_v6,5igj_C_CTY_clarithromycin,,1940
AF-A0A2X3V8L4-F1-model_v6,5igj_C_CTY_clarithromycin,0.110937,5676
AF-A0A3A4S4J8-F1-model_v6,5igj_C_CTY_clarithromycin,,2688
AF-A0A3R9M168-F1-model_v6,5igj_C_CTY_clarithromycin,0.348053,4402
AF-A0A4J1UGG0-F1-model_v6,5igj_C_CTY_clarithromycin,-0.418662,4337
AF-A0A4J1UII4-F1-model_v6,5igj_C_CTY_clarithromycin,0.183358,1775
AF-A0A4J1VGK4-F1-model_v6,5igj_C_CTY_clarithromycin,0.151956,2902
AF-A0A4J1VSB1-F1-model_v6,5igj_C_CTY_clarithromycin,0.439986,2377
AF-A0A4J1VZA0-F1-model_v6,5igj_C_CTY_clarithromycin,0.880598,2437
AF-A0A4J1WF80-F1-model_v6,5igj_C_CTY_clarithromycin,0.725401,4301
AF-A0A4J1WRN7-F1-model_v6,5igj_C_CTY_clarithromycin,-0.281104,2061
AF-A0A4J1WWI9-F1-model_v6,5igj_C_CTY_clarithromycin,,2360
AF-A0A4J1WXG5-F1-model_v6,5igj_C_CTY_clarithromycin,0.901376,4281
AF-A0A4L7JIJ9-F1-model_v6,5igj_C_CTY_clarithromycin,0.156345,5379
AF-A0A4L7JNS5-F1-model_v6,5igj_C_CTY_clarithromycin,0.701677,11890
AF-A0A4R3L5A4-F1-model_v6,5igj_C_CTY_clarithromycin,-1.0594,1073
AF-A0A6I3UCE5-F1-model_v6,5igj_C_CTY_clarithromycin,,2451
AF-A0A916L5M1-F1-model_v6,5igj_C_CTY_clarithromycin,-0.656725,1101
AF-A0AA89KWM9-F1-model_v6,5igj_C_CTY_clarithromycin,-0.182408,2663
AF-A0AAE6YR42-F1-model_v6,5igj_C_CTY_clarithromycin,0.582279,3319
AF-A0AAI9A065-F1-model_v6,5igj_C_CTY_clarithromycin,0.575816,2220
AF-A0AAJ5P3Y6-F1-model_v6,5igj_C_CTY_clarithromycin,0.617871,4870
AF-A0AAJ5P5J3-F1-model_v6,5igj_C_CTY_clarithromycin,0.582956,2870
AF-A0AAW5WQ32-F1-model_v6,5igj_C_CTY_clarithromycin,0.672831,2683
AF-A0AAW6XTF7-F1-model_v6,5igj_C_CTY_clarithromycin,0.760696,2911
AF-B2ISJ9-F1-model_v6,5igj_C_CTY_clarithromycin,-0.858999,6627
AF-C1C6U9-F1-model_v6,5igj_C_CTY_clarithromycin,0.846588,3682
AF-C1C8J0-F1-model_v6,5igj_C_CTY_clarithromycin,0.71295,2149
AF-C1C8P0-F1-model_v6,5igj_C_CTY_clarithromycin,-0.00000193692,3031
AF-C1CAB1-F1-model_v6,5igj_C_CTY_clarithromycin,0.739354,3940
AF-C1CD75-F1-model_v6,5igj_C_CTY_clarithromycin,-0.0994468,1678
AF-G3GGL5-F1-model_v6,5igj_C_CTY_clarithromycin,,2238
AF-G3GGT8-F1-model_v6,5igj_C_CTY_clarithromycin,,2257
1C82_A,5iwu_E_ERY_erythromycin,,7174
1GVM_A,5iwu_E_ERY_erythromycin,1.28183,7845
1H8G_A,5iwu_E_ERY_erythromycin,0.692955,1928
1HCX_A,5iwu_E_ERY_erythromycin,0.526037,2629
1IB8_A,5iwu_E_ERY_erythromycin,-0.565225,1580
1LOH_A,5iwu_E_ERY_erythromycin,1.10229,7189
1N7N_A,5iwu_E_ERY_erythromycin,1.01724,7181
1N7O_A,5iwu_E_ERY_erythromycin,1.03067,7187
1N7P_A,5iwu_E_ERY_erythromycin,1.0113,7177
1N7Q_A,5iwu_E_ERY_erythromycin,,7171
1N7R_A,5iwu_E_ERY_erythromycin,0.953929,7167
1NXO_A,5iwu_E_ERY_erythromycin,0.125152,1177
1NXT_A,5iwu_E_ERY_erythromycin,0.23608,1172
1OJM_A,5iwu_E_ERY_erythromycin,1.08747,7201
1OJN_A,5iwu_E_ERY_erythromycin,1.06456,7211
1OJO_A,5iwu_E_ERY_erythromycin,1.01052,7211
1OX0_A,5iwu_E_ERY_erythromycin,1.03225,3837
1PMD_A,5iwu_E_ERY_erythromycin,1.21227,6401
1PSZ_A,5iwu_E_ERY_erythromycin,0.917119,2834
1PYY_A,5iwu_E_ERY_erythromycin,1.23205,5733
1Q3T_A,5iwu_E_ERY_erythromycin,0.787756,2167
1QME_A,5iwu_E_ERY_erythromycin,1.14441,5255
1RP5_A,5iwu_E_ERY_erythromycin,0.867133,12953
1WRA_A,5iwu_E_ERY_erythromycin,0.979461,6095
2ALM_A,5iwu_E_ERY_erythromycin,0.79177,3808
2BIB_A,5iwu_E_ERY_erythromycin,0.928669,5483
2BML_A,5iwu_E_ERY_erythromycin,0.617798,2611
2JKB_A,5iwu_E_ERY_erythromycin,1.02396,6475
2L4O_A,5iwu_E_ERY_erythromycin,0.216814,1628
2NOV_A,5iwu_E_ERY_erythromycin,0.876666,17493
2RJT_A,5iwu_E_ERY_erythromycin,1.30252,14883
2V04_A,5iwu_E_ERY_erythromycin,0.673063,3207
2VEF_A,5iwu_E_ERY_erythromycin,0.670408,5234
2VVZ_A,5iwu_E_ERY_erythromycin,1.00839,9265
2VW0_A,5iwu_E_ERY_erythromycin,0.848783,6436
2VYU_A,5iwu_E_ERY_erythromycin,0.784861,3097
2W1J_A,5iwu_E_ERY_erythromycin,0.211925,3768
2W1K_A,5iwu_E_ERY_erythromycin,1.25548,4065
2W20_A,5iwu_E_ERY_erythromycin,1.1488,9245
2WAD_A,5iwu_E_ERY_erythromycin,1.20734,16907
2WAE_A,5iwu_E_ERY_erythromycin,1.05595,5675
2WAF_A,5iwu_E_ERY_erythromycin,1.2682,5805
2WJD_A,5iwu_E_ERY_erythromycin,0.712791,2480
2WW8_A,5iwu_E_ERY_erythromycin,0.833187,7970
2X9W_A,5iwu_E_ERY_erythromycin,0.477239,4213
2X9Y_A,5iwu_E_ERY_erythromycin,0.647171,4185
2X9Z_A,5iwu_E_ERY_erythromycin,0.56976,2495
2XD2_A,5iwu_E_ERY_erythromycin,0.710302,7080
2XXP_A,5iwu_E_ERY_erythromycin,0.811104,3618
2XXQ_A,5iwu_E_ERY_erythromycin,0.944864,3600
2Y1V_A,5iwu_E_ERY_erythromycin,1.07014,16911
2YA4_A,5iwu_E_ERY_erythromycin,1.26812,9264
2Z2L_A,5iwu_E_ERY_erythromycin,1.17701,12049
2Z2L_B,5iwu_E_ERY_erythromycin,1.35239,12049
2Z2L_C,5iwu_E_ERY_erythromycin,1.2567,12049
2Z6I_A,5iwu_E_ERY_erythromycin,0.955217,5773
2Z6J_A,5iwu_E_ERY_erythromycin,1.12021,5529
3CX3_A,5iwu_E_ERY_erythromycin,0.987435,5087
3H71_A,5iwu_E_ERY_erythromycin,0.840668,9349
3H72_A,5iwu_E_ERY_erythromycin,0.900247,9349
3HIA_A,5iwu_E_ERY_erythromycin,0.744402,2294
3IX9_A,5iwu_E_ERY_erythromycin,0.688832,3411
3QY8_A,5iwu_E_ERY_erythromycin,0.211201,2475
3RPK_A,5iwu_E_ERY_erythromycin,0.864698,11059
3S46_A,5iwu_E_ERY_erythromycin,,6839
3ZH3_A,5iwu_E_ERY_erythromycin,0.966004,3853
3ZH4_A,5iwu_E_ERY_erythromycin,1.06976,3838
3ZK7_A,5iwu_E_ERY_erythromycin,1.01384,5467
3ZK8_A,5iwu_E_ERY_erythromycin,1.10852,5469
3ZK9_A,5iwu_E_ERY_erythromycin,,5471
3ZPP_A,5iwu_E_ERY_erythromycin,0.618759,4047
4CNL_A,5iwu_E_ERY_erythromycin,0.426404,1898
4D0Q_A,5iwu_E_ERY_erythromycin,0.453749,1621
4D0Y_A,5iwu_E_ERY_erythromycin,1.02311,3633
4DE8_A,5iwu_E_ERY_erythromycin,1.09822,3613
4HYE_A,5iwu_E_ERY_erythromycin,,3895
4IVV_A,5iwu_E_ERY_erythromycin,0.758941,1726
4IWT_A,5iwu_E_ERY_erythromycin,0.910922,2973
4MR0_A,5iwu_E_ERY_erythromycin,0.693696,8603
4OQ1_A,5iwu_E_ERY_erythromycin,1.00804,3301
4QQA_A,5iwu_E_ERY_erythromycin,1.2977,4747
4UTO_A,5iwu_E_ERY_erythromycin,,5465
4UTP_A,5iwu_E_ERY_erythromycin,1.29679,5563
4X36_A,5iwu_E_ERY_erythromycin,0.903147,3196
4XE9_A,5iwu_E_ERY_erythromycin,0.980687,6441
4XMA_A,5iwu_E_ERY_erythromycin,1.18633,6433
4XOG_A,5iwu_E_ERY_erythromycin,1.09238,6458
4XYX_A,5iwu_E_ERY_erythromycin,,6464
4YW1_A,5iwu_E_ERY_erythromycin,1.08009,12927
4YZ1_A,5iwu_E_ERY_erythromycin,0.966235,12867
4ZGH_A,5iwu_E_ERY_erythromycin,0.904956,4650
4ZMR_A,5iwu_E_ERY_erythromycin,0.743195,3954
5AOD_A,5iwu_E_ERY_erythromycin,0.753141,4656
5AOE_A,5iwu_E_ERY_erythromycin,1.05953,9535
5AOF_A,5iwu_E_ERY_erythromycin,1.08193,4782
5CR6_D,5iwu_E_ERY_erythromycin,1.14432,4602
5CR8_A,5iwu_E_ERY_erythromycin,0.23087,2359
5CTV_A,5iwu_E_ERY_erythromycin,0.740185,1795
5J5P_A,5iwu_E_ERY_erythromycin,1.1334,7578
5KKY_A,5iwu_E_ERY_erythromycin,0.93345,9264
5LY6_B,5iwu_E_ERY_erythromycin,0.714654,4624
5WI5_A,5iwu_E_ERY_erythromycin,1.20957,15489
5XU0_A,5iwu_E_ERY_erythromycin,1.00557,6367
5XU1_A,5iwu_E_ERY_erythromycin,1.02895,11395
5XU1_M,5iwu_E_ERY_erythromycin,0.762094,11395
5YIG_A,5iwu_E_ERY_erythromycin,0.526234,3680
6EB7_A,5iwu_E_ERY_erythromycin,0.2824,1183
6FMG_A,5iwu_E_ERY_erythromycin,0.959545,5123
6HE6_A,5iwu_E_ERY_erythromycin,0.622005,2351
6HFX_A,5iwu_E_ERY_erythromycin,0.75219,2295
6JMP_A,5iwu_E_ERY_erythromycin,0.991829,4614
6JYX_A,5iwu_E_ERY_erythromycin,1.21592,6078
6MK7_A,5iwu_E_ERY_erythromycin,0.527811,1130
6PON_A,5iwu_E_ERY_erythromycin,0.857798,5186
6PQL_A,5iwu_E_ERY_erythromycin,1.24153,14861
6Z4W_A,5iwu_E_ERY_erythromycin,0.292377,2307
6Z63_A,5iwu_E_ERY_erythromycin,,6771
7A54_A,5iwu_E_ERY_erythromycin,0.958183,9289
7JJ8_A,5iwu_E_ERY_erythromycin,0.834112,10219
7JJ9_A,5iwu_E_ERY_erythromycin,1.10977,4515
7JJA_A,5iwu_E_ERY_erythromycin,1.03915,1847
7PL2_A,5iwu_E_ERY_erythromycin,0.578922,4183
7T2A_C,5iwu_E_ERY_erythromycin,1.05018,7421
8HF4_A,5iwu_E_ERY_erythromycin,1.25376,10837
8HF6_A,5iwu_E_ERY_erythromycin,0.927484,10841
AF-A0A0B7KV51-F1-model_v6,5iwu_E_ERY_erythromycin,,2891
AF-A0A0B7KZH3-F1-model_v6,5iwu_E_ERY_erythromycin,1.01647,2489
AF-A0A0B7L047-F1-model_v6,5iwu_E_ERY_erythromycin,0.884841,1986
AF-A0A0B7L2C4-F1-model_v6,5iwu_E_ERY_erythromycin,0.881058,1878
AF-A0A0B7LC21-F1-model_v6,5iwu_E_ERY_erythromycin,,2391
AF-A0A0B7LCH0-F1-model_v6,5iwu_E_ERY_erythromycin,-0.00000196078,5014
AF-A0A0B7LIE2-F1-model_v6,5iwu_E_ERY_erythromycin,1.17131,8285
AF-A0A0E8ZM54-F1-model_v6,5iwu_E_ERY_erythromycin,1.11461,2822
AF-A0A0H2UN20-F1-model_v6,5iwu_E_ERY_erythromycin,0.592085,2118
AF-A0A0H2UND3-F1-model_v6,5iwu_E_ERY_erythromycin,0.281131,2592
AF-A0A0H2UNX8-F1-model_v6,5iwu_E_ERY_erythromycin,0.514503,763
AF-A0A0H2ZM30-F1-model_v6,5iwu_E_ERY_erythromycin,0.301266,2651
AF-A0A0H2ZNX2-F1-model_v6,5iwu_E_ERY_erythromycin,0.911529,4585
AF-A0A0T8G4V9-F1-model_v6,5iwu_E_ERY_erythromycin,0.513379,1385
AF-A0A1H1R4D7-F1-model_v6,5iwu_E_ERY_erythromycin,0.817076,2750
AF-A0A237JKZ5-F1-model_v6,5iwu_E_ERY_erythromycin,0.620631,1939
AF-A0A2X3V8L4-F1-model_v6,5iwu_E_ERY_erythromycin,0.244092,5675
AF-A0A3A4S4J8-F1-model_v6,5iwu_E_ERY_erythromycin,0.886676,2687
AF-A0A3R9M168-F1-model_v6,5iwu_E_ERY_erythromycin,0.404094,4401
AF-A0A4J1UGG0-F1-model_v6,5iwu_E_ERY_erythromycin,0.92904,4336
AF-A0A4J1UII4-F1-model_v6,5iwu_E_ERY_erythromycin,0.477842,1774
AF-A0A4J1VGK4-F1-model_v6,5iwu_E_ERY_erythromycin,0.656339,2901
AF-A0A4J1VSB1-F1-model_v6,5iwu_E_ERY_erythromycin,0.607165,2376
AF-A0A4J1VZA0-F1-model_v6,5iwu_E_ERY_erythromycin,0.890162,2436
AF-A0A4J1WF80-F1-model_v6,5iwu_E_ERY_erythromycin,1.30588,4300
AF-A0A4J1WRN7-F1-model_v6,5iwu_E_ERY_erythromycin,-0.216838,2060
AF-A0A4J1WWI9-F1-model_v6,5iwu_E_ERY_erythromycin,0.868045,2359
AF-A0A4J1WXG5-F1-model_v6,5iwu_E_ERY_erythromycin,1.06456,4280
AF-A0A4L7JIJ9-F1-model_v6,5iwu_E_ERY_erythromycin,0.456105,5378
AF-A0A4L7JNS5-F1-model_v6,5iwu_E_ERY_erythromycin,0.993327,11889
AF-A0A4R3L5A4-F1-model_v6,5iwu_E_ERY_erythromycin,0.186162,1072
AF-A0A6I3UCE5-F1-model_v6,5iwu_E_ERY_erythromycin,0.953273,2450
AF-A0A916L5M1-F1-model_v6,5iwu_E_ERY_erythromycin,0.448591,1100
AF-A0AA89KWM9-F1-model_v6,5iwu_E_ERY_erythromycin,0.366171,2662
AF-A0AAE6YR42-F1-model_v6,5iwu_E_ERY_erythromycin,0.837551,3318
AF-A0AAI9A065-F1-model_v6,5iwu_E_ERY_erythromycin,0.697311,2219
AF-A0AAJ5P3Y6-F1-model_v6,5iwu_E_ERY_erythromycin,,4869
AF-A0AAJ5P5J3-F1-model_v6,5iwu_E_ERY_erythromycin,0.61436,2869
AF-A0AAW5WQ32-F1-model_v6,5iwu_E_ERY_erythromycin,0.822834,2682
AF-A0AAW6XTF7-F1-model_v6,5iwu_E_ERY_erythromycin,0.745425,2910
AF-B2ISJ9-F1-model_v6,5iwu_E_ERY_erythromycin,0.701991,6626
AF-C1C6U9-F1-model_v6,5iwu_E_ERY_erythromycin,0.998359,3681
AF-C1C8J0-F1-model_v6,5iwu_E_ERY_erythromycin,0.780481,2148
AF-C1C8P0-F1-model_v6,5iwu_E_ERY_erythromycin,0.00000196078,3030
AF-C1CAB1-F1-model_v6,5iwu_E_ERY_erythromycin,0.827866,3939
AF-C1CD75-F1-model_v6,5iwu_E_ERY_erythromycin,0.00705288,1677
AF-G3GGL5-F1-model_v6,5iwu_E_ERY_erythromycin,0.427241,2237
AF-G3GGT8-F1-model_v6,5iwu_E_ERY_erythromycin,0.999878,2256
1C82_A,5om2_D_DXT_doxycycline,0.963181,7155
1GVM_A,5om2_D_DXT_doxycycline,0.919306,7826
1H8G_A,5om2_D_DXT_doxycycline,-0.342532,1909
1HCX_A,5om2_D_DXT_doxycycline,0.24291,2610
1IB8_A,5om2_D_DXT_doxycycline,-1.37298,1561
1LOH_A,5om2_D_DXT_doxycycline,0.881081,7170
1N7N_A,5om2_D_DXT_doxycycline,0.700332,7162
1N7O_A,5om2_D_DXT_doxycycline,1.00807,7168
1N7P_A,5om2_D_DXT_doxycycline,0.695927,7158
1N7Q_A,5om2_D_DXT_doxycycline,-0.0869001,7152
1N7R_A,5om2_D_DXT_doxycycline,0.80172,7148
1NXO_A,5om2_D_DXT_doxycycline,-0.410025,1158
1NXT_A,5om2_D_DXT_doxycycline,0.313949,1153
1OJM_A,5om2_D_DXT_doxycycline,1.03526,7182
1OJN_A,5om2_D_DXT_doxycycline,0.59822,7192
1OJO_A,5om2_D_DXT_doxycycline,1.0925,7192
1OX0_A,5om2_D_DXT_doxycycline,-0.073787,3818
1PMD_A,5om2_D_DXT_doxycycline,-0.307556,6382
1PSZ_A,5om2_D_DXT_doxycycline,0.65535,2815
1PYY_A,5om2_D_DXT_doxycycline,1.02745,5714
1Q3T_A,5om2_D_DXT_doxycycline,0.901203,2148
1QME_A,5om2_D_DXT_doxycycline,0.75191,5236
1RP5_A,5om2_D_DXT_doxycycline,1.23983,12934
1WRA_A,5om2_D_DXT_doxycycline,0.502728,6076
2ALM_A,5om2_D_DXT_doxycycline,-0.464498,3789
2BIB_A,5om2_D_DXT_doxycycline,0.962096,5464
2BML_A,5om2_D_DXT_doxycycline,0.270728,2592
2JKB_A,5om2_D_DXT_doxycycline,1.01464,6456
2L4O_A,5om2_D_DXT_doxycycline,-0.170913,1609
2NOV_A,5om2_D_DXT_doxycycline,0.976124,17474
2RJT_A,5om2_D_DXT_doxycycline,1.07406,14864
2V04_A,5om2_D_DXT_doxycycline,0.559291,3188
2VEF_A,5om2_D_DXT_doxycycline,0.401634,5215
2VVZ_A,5om2_D_DXT_doxycycline,0.920774,9246
2VW0_A,5om2_D_DXT_doxycycline,0.033277,6417
2VYU_A,5om2_D_DXT_doxycycline,0.629331,3078
2W1J_A,5om2_D_DXT_doxycycline,0.645778,3749
2W1K_A,5om2_D_DXT_doxycycline,-0.0165326,4046
2W20_A,5om2_D_DXT_doxycycline,0.796598,9226
2WAD_A,5om2_D_DXT_doxycycline,1.27751,16888
2WAE_A,5om2_D_DXT_doxycycline,0.492951,5656
2WAF_A,5om2_D_DXT_doxycycline,0.694578,5786
2WJD_A,5om2_D_DXT_doxycycline,0.365338,2461
2WW8_A,5om2_D_DXT_doxycycline,0.758745,7951
2X9W_A,5om2_D_DXT_doxycycline,0.237789,4194
2X9Y_A,5om2_D_DXT_doxycycline,0.700018,4166
2X9Z_A,5om2_D_DXT_doxycycline,0.634606,2476
2XD2_A,5om2_D_DXT_doxycycline,0.698454,7061
2XXP_A,5om2_D_DXT_doxycycline,0.470034,3599
2XXQ_A,5om2_D_DXT_doxycycline,0.507565,3581
2Y1V_A,5om2_D_DXT_doxycycline,1.24125,16892
2YA4_A,5om2_D_DXT_doxycycline,1.07309,9245
2Z2L_A,5om2_D_DXT_doxycycline,0.709711,12030
2Z2L_B,5om2_D_DXT_doxycycline,0.609103,12030
2Z2L_C,5om2_D_DXT_doxycycline,1.12863,12030
2Z6I_A,5om2_D_DXT_doxycycline,0.648196,5754
2Z6J_A,5om2_D_DXT_doxycycline,1.49805,5510
3CX3_A,5om2_D_DXT_doxycycline,0.413213,5068
3H71_A,5om2_D_DXT_doxycycline,0.770881,9330
3H72_A,5om2_D_DXT_doxycycline,0.839855,9330
3HIA_A,5om2_D_DXT_doxycycline,1.18011,2275
3IX9_A,5om2_D_DXT_doxycycline,0.260123,3392
3QY8_A,5om2_D_DXT_doxycycline,0.546906,2456
3RPK_A,5om2_D_DXT_doxycycline,1.06421,11040
3S46_A,5om2_D_DXT_doxycycline,-0.584801,6820
3ZH3_A,5om2_D_DXT_doxycycline,0.257261,3834
3ZH4_A,5om2_D_DXT_doxycycline,0.305448,3819
3ZK7_A,5om2_D_DXT_doxycycline,0.91806,5448
3ZK8_A,5om2_D_DXT_doxycycline,-0.540305,5450
3ZK9_A,5om2_D_DXT_doxycycline,0.641105,5452
3ZPP_A,5om2_D_DXT_doxycycline,0.600337,4028
4CNL_A,5om2_D_DXT_doxycycline,0.760122,1879
4D0Q_A,5om2_D_DXT_doxycycline,0.760369,1602
4D0Y_A,5om2_D_DXT_doxycycline,0.794219,3614
4DE8_A,5om2_D_DXT_doxycycline,0.829919,3594
4HYE_A,5om2_D_DXT_doxycycline,-0.0241297,3876
4IVV_A,5om2_D_DXT_doxycycline,0.58943,1707
4IWT_A,5om2_D_DXT_doxycycline,0.975253,2954
4MR0_A,5om2_D_DXT_doxycycline,0.500851,8584
4OQ1_A,5om2_D_DXT_doxycycline,0.602809,3282
4QQA_A,5om2_D_DXT_doxycycline,0.786787,4728
4UTO_A,5om2_D_DXT_doxycycline,0.830536,5446
4UTP_A,5om2_D_DXT_doxycycline,0.937035,5544
4X36_A,5om2_D_DXT_doxycycline,0.817581,3177
4XE9_A,5om2_D_DXT_doxycycline,0.865888,6422
4XMA_A,5om2_D_DXT_doxycycline,0.703027,6414
4XOG_A,5om2_D_DXT_doxycycline,0.243574,6439
4XYX_A,5om2_D_DXT_doxycycline,0.956336,6445
4YW1_A,5om2_D_DXT_doxycycline,0.456024,12908
4YZ1_A,5om2_D_DXT_doxycycline,0.718195,12848
4ZGH_A,5om2_D_DXT_doxycycline,0.511439,4631
4ZMR_A,5om2_D_DXT_doxycycline,0.536827,3935
5AOD_A,5om2_D_DXT_doxycycline,0.411034,4637
5AOE_A,5om2_D_DXT_doxycycline,0.138941,9516
5AOF_A,5om2_D_DXT_doxycycline,0.426614,4763
5CR6_D,5om2_D_DXT_doxycycline,0.31952,4583
5CR8_A,5om2_D_DXT_doxycycline,0.660243,2340
5CTV_A,5om2_D_DXT_doxycycline,0.525935,1776
5J5P_A,5om2_D_DXT_doxycycline,0.867865,7559
5KKY_A,5om2_D_DXT_doxycycline,1.00322,9245
5LY6_B,5om2_D_DXT_doxycycline,-0.90912,4605
5WI5_A,5om2_D_DXT_doxycycline,0.193529,15470
5XU0_A,5om2_D_DXT_doxycycline,1.11688,6348
5XU1_A,5om2_D_DXT_doxycycline,0.887014,11376
5XU1_M,5om2_D_DXT_doxycycline,0.604991,11376
5YIG_A,5om2_D_DXT_doxycycline,0.0554927,3661
6EB7_A,5om2_D_DXT_doxycycline,-0.181631,1164
6FMG_A,5om2_D_DXT_doxycycline,0.434374,5104
6HE6_A,5om2_D_DXT_doxycycline,-0.276735,2332
6HFX_A,5om2_D_DXT_doxycycline,0.686529,2276
6JMP_A,5om2_D_DXT_doxycycline,0.701597,4595
6JYX_A,5om2_D_DXT_doxycycline,0.924738,6059
6MK7_A,5om2_D_DXT_doxycycline,-0.462882,1111
6PON_A,5om2_D_DXT_doxycycline,0.49021,5167
6PQL_A,5om2_D_DXT_doxycycline,0.67595,14842
6Z4W_A,5om2_D_DXT_doxycycline,1.04967,2288
6Z63_A,5om2_D_DXT_doxycycline,1.0238,6752
7A54_A,5om2_D_DXT_doxycycline,0.92688,9270
7JJ8_A,5om2_D_DXT_doxycycline,0.734533,10200
7JJ9_A,5om2_D_DXT_doxycycline,0.935023,4496
7JJA_A,5om2_D_DXT_doxycycline,-0.118295,1828
7PL2_A,5om2_D_DXT_doxycycline,0.0978323,4164
7T2A_C,5om2_D_DXT_doxycycline,-0.202251,7402
8HF4_A,5om2_D_DXT_doxycycline,,10818
8HF6_A,5om2_D_DXT_doxycycline,1.27966,10822
AF-A0A0B7KV51-F1-model_v6,5om2_D_DXT_doxycycline,0.895244,2872
AF-A0A0B7KZH3-F1-model_v6,5om2_D_DXT_doxycycline,0.854914,2470
AF-A0A0B7L047-F1-model_v6,5om2_D_DXT_doxycycline,0.0209598,1967
AF-A0A0B7L2C4-F1-model_v6,5om2_D_DXT_doxycycline,0.54048,1859
AF-A0A0B7LC21-F1-model_v6,5om2_D_DXT_doxycycline,0.0346604,2372
AF-A0A0B7LCH0-F1-model_v6,5om2_D_DXT_doxycycline,0.00000625,4995
AF-A0A0B7LIE2-F1-model_v6,5om2_D_DXT_doxycycline,1.18874,8266
AF-A0A0E8ZM54-F1-model_v6,5om2_D_DXT_doxycycline,0.196174,2803
AF-A0A0H2UN20-F1-model_v6,5om2_D_DXT_doxycycline,0.423369,2099
AF-A0A0H2UND3-F1-model_v6,5om2_D_DXT_doxycycline,0.596559,2573
AF-A0A0H2UNX8-F1-model_v6,5om2_D_DXT_doxycycline,0.239042,744
AF-A0A0H2ZM30-F1-model_v6,5om2_D_DXT_doxycycline,0.707448,2632
AF-A0A0H2ZNX2-F1-model_v6,5om2_D_DXT_doxycycline,0.406202,4566
AF-A0A0T8G4V9-F1-model_v6,5om2_D_DXT_doxycycline,0.181974,1366
AF-A0A1H1R4D7-F1-model_v6,5om2_D_DXT_doxycycline,0.625118,2731
AF-A0A237JKZ5-F1-model_v6,5om2_D_DXT_doxycycline,0.899804,1920
AF-A0A2X3V8L4-F1-model_v6,5om2_D_DXT_doxycycline,0.869541,5656
AF-A0A3A4S4J8-F1-model_v6,5om2_D_DXT_doxycycline,0.956332,2668
AF-A0A3R9M168-F1-model_v6,5om2_D_DXT_doxycycline,0.42731,4382
AF-A0A4J1UGG0-F1-model_v6,5om2_D_DXT_doxycycline,0.706665,4317
AF-A0A4J1UII4-F1-model_v6,5om2_D_DXT_doxycycline,,1755
AF-A0A4J1VGK4-F1-model_v6,5om2_D_DXT_doxycycline,0.00712839,2882
AF-A0A4J1VSB1-F1-model_v6,5om2_D_DXT_doxycycline,-0.171598,2357
AF-A0A4J1VZA0-F1-model_v6,5om2_D_DXT_doxycycline,0.581823,2417
AF-A0A4J1WF80-F1-model_v6,5om2_D_DXT_doxycycline,1.0678,4281
AF-A0A4J1WRN7-F1-model_v6,5om2_D_DXT_doxycycline,0.333085,2041
AF-A0A4J1WWI9-F1-model_v6,5om2_D_DXT_doxycycline,-0.442064,2340
AF-A0A4J1WXG5-F1-model_v6,5om2_D_DXT_doxycycline,0.939631,4261
AF-A0A4L7JIJ9-F1-model_v6,5om2_D_DXT_doxycycline,-0.00110819,5359
AF-A0A4L7JNS5-F1-model_v6,5om2_D_DXT_doxycycline,0.852477,11870
AF-A0A4R3L5A4-F1-model_v6,5om2_D_DXT_doxycycline,0.145556,1053
AF-A0A6I3UCE5-F1-model_v6,5om2_D_DXT_doxycycline,0.807415,2431
AF-A0A916L5M1-F1-model_v6,5om2_D_DXT_doxycycline,-1.17188,1081
AF-A0AA89KWM9-F1-model_v6,5om2_D_DXT_doxycycline,0.564429,2643
AF-A0AAE6YR42-F1-model_v6,5om2_D_DXT_doxycycline,0.55189,3299
AF-A0AAI9A065-F1-model_v6,5om2_D_DXT_doxycycline,0.838389,2200
AF-A0AAJ5P3Y6-F1-model_v6,5om2_D_DXT_doxycycline,0.835675,4850
AF-A0AAJ5P5J3-F1-model_v6,5om2_D_DXT_doxycycline,0.206826,2850
AF-A0AAW5WQ32-F1-model_v6,5om2_D_DXT_doxycycline,0.679023,2663
AF-A0AAW6XTF7-F1-model_v6,5om2_D_DXT_doxycycline,1.34504,2891
AF-B2ISJ9-F1-model_v6,5om2_D_DXT_doxycycline,0.430541,6607
AF-C1C6U9-F1-model_v6,5om2_D_DXT_doxycycline,0.984962,3662
AF-C1C8J0-F1-model_v6,5om2_D_DXT_doxycycline,0.638069,2129
AF-C1C8P0-F1-model_v6,5om2_D_DXT_doxycycline,0.000003125,3011
AF-C1CAB1-F1-model_v6,5om2_D_DXT_doxycycline,0.66679,3920
AF-C1CD75-F1-model_v6,5om2_D_DXT_doxycycline,-0.285428,1658
AF-G3GGL5-F1-model_v6,5om2_D_DXT_doxycycline,-0.102154,2218
AF-G3GGT8-F1-model_v6,5om2_D_DXT_doxycycline,0.692583,2237
1C82_A,9u9c_I_A1EOR_amoxicillin,1.20222,7149
1GVM_A,9u9c_I_A1EOR_amoxicillin,1.26239,7820
1H8G_A,9u9c_I_A1EOR_amoxicillin,1.62387,1903
1HCX_A,9u9c_I_A1EOR_amoxicillin,0.727376,2604
1IB8_A,9u9c_I_A1EOR_amoxicillin,-0.16127,1555
1LOH_A,9u9c_I_A1EOR_amoxicillin,-0.639415,7164
1N7N_A,9u9c_I_A1EOR_amoxicillin,0.58524,7156
1N7O_A,9u9c_I_A1EOR_amoxicillin,0.799096,7162
1N7P_A,9u9c_I_A1EOR_amoxicillin,0.963707,7152
1N7Q_A,9u9c_I_A1EOR_amoxicillin,0.868004,7146
1N7R_A,9u9c_I_A1EOR_amoxicillin,0.842403,7142
1NXO_A,9u9c_I_A1EOR_amoxicillin,-0.198778,1152
1NXT_A,9u9c_I_A1EOR_amoxicillin,-0.0376719,1147
1OJM_A,9u9c_I_A1EOR_amoxicillin,0.993806,7176
1OJN_A,9u9c_I_A1EOR_amoxicillin,0.863894,7186
1OJO_A,9u9c_I_A1EOR_amoxicillin,0.636452,7186
1OX0_A,9u9c_I_A1EOR_amoxicillin,0.345868,3812
1PMD_A,9u9c_I_A1EOR_amoxicillin,1.53374,6376
1PSZ_A,9u9c_I_A1EOR_amoxicillin,0.561215,2809
1PYY_A,9u9c_I_A1EOR_amoxicillin,0.967385,5708
1Q3T_A,9u9c_I_A1EOR_amoxicillin,0.543817,2142
1QME_A,9u9c_I_A1EOR_amoxicillin,1.46749,5230
1RP5_A,9u9c_I_A1EOR_amoxicillin,1.43963,12928
1WRA_A,9u9c_I_A1EOR_amoxicillin,1.08033,6070
2ALM_A,9u9c_I_A1EOR_amoxicillin,1.30675,3783
2BIB_A,9u9c_I_A1EOR_amoxicillin,1.34956,5458
2BML_A,9u9c_I_A1EOR_amoxicillin,0.397206,2586
2JKB_A,9u9c_I_A1EOR_amoxicillin,1.25193,6450
2L4O_A,9u9c_I_A1EOR_amoxicillin,0.520139,1603
2NOV_A,9u9c_I_A1EOR_amoxicillin,1.29177,17468
2RJT_A,9u9c_I_A1EOR_amoxicillin,1.41802,14858
2V04_A,9u9c_I_A1EOR_amoxicillin,0.0182581,3182
2VEF_A,9u9c_I_A1EOR_amoxicillin,0.893751,5209
2VVZ_A,9u9c_I_A1EOR_amoxicillin,1.02291,9240
2VW0_A,9u9c_I_A1EOR_amoxicillin,1.40043,6411
2VYU_A,9u9c_I_A1EOR_amoxicillin,1.05914,3072
2W1J_A,9u9c_I_A1EOR_amoxicillin,0.564522,3743
2W1K_A,9u9c_I_A1EOR_amoxicillin,0.428612,4040
2W20_A,9u9c_I_A1EOR_amoxicillin,0.672056,9220
2WAD_A,9u9c_I_A1EOR_amoxicillin,1.58381,16882
2WAE_A,9u9c_I_A1EOR_amoxicillin,1.24023,5650
2WAF_A,9u9c_I_A1EOR_amoxicillin,1.17011,5780
2WJD_A,9u9c_I_A1EOR_amoxicillin,0.622133,2455
2WW8_A,9u9c_I_A1EOR_amoxicillin,1.40865,7945
2X9W_A,9u9c_I_A1EOR_amoxicillin,0.614329,4188
2X9Y_A,9u9c_I_A1EOR_amoxicillin,0.962845,4160
2X9Z_A,9u9c_I_A1EOR_amoxicillin,0.950976,2470
2XD2_A,9u9c_I_A1EOR_amoxicillin,0.616517,7055
2XXP_A,9u9c_I_A1EOR_amoxicillin,0.341579,3593
2XXQ_A,9u9c_I_A1EOR_amoxicillin,0.972861,3575
2Y1V_A,9u9c_I_A1EOR_amoxicillin,1.59803,16886
2YA4_A,9u9c_I_A1EOR_amoxicillin,0.735383,9239
2Z2L_A,9u9c_I_A1EOR_amoxicillin,0.653915,12024
2Z2L_B,9u9c_I_A1EOR_amoxicillin,1.57231,12024
2Z2L_C,9u9c_I_A1EOR_amoxicillin,1.72878,12024
2Z6I_A,9u9c_I_A1EOR_amoxicillin,1.89991,5748
2Z6J_A,9u9c_I_A1EOR_amoxicillin,,5504
3CX3_A,9u9c_I_A1EOR_amoxicillin,0.817247,5062
3H71_A,9u9c_I_A1EOR_amoxicillin,1.37193,9324
3H72_A,9u9c_I_A1EOR_amoxicillin,1.60447,9324
3HIA_A,9u9c_I_A1EOR_amoxicillin,1.31205,2269
3IX9_A,9u9c_I_A1EOR_amoxicillin,0.589426,3386
3QY8_A,9u9c_I_A1EOR_amoxicillin,0.230436,2450
3RPK_A,9u9c_I_A1EOR_amoxicillin,0.344969,11034
3S46_A,9u9c_I_A1EOR_amoxicillin,1.47434,6814
3ZH3_A,9u9c_I_A1EOR_amoxicillin,0.63312,3828
3ZH4_A,9u9c_I_A1EOR_amoxicillin,0.155205,3813
3ZK7_A,9u9c_I_A1EOR_amoxicillin,1.09512,5442
3ZK8_A,9u9c_I_A1EOR_amoxicillin,0.830691,5444
3ZK9_A,9u9c_I_A1EOR_amoxicillin,1.12674,5446
3ZPP_A,9u9c_I_A1EOR_amoxicillin,0.921444,4022
4CNL_A,9u9c_I_A1EOR_amoxicillin,0.650496,1873
4D0Q_A,9u9c_I_A1EOR_amoxicillin,0.902376,1596
4D0Y_A,9u9c_I_A1EOR_amoxicillin,1.11334,3608
4DE8_A,9u9c_I_A1EOR_amoxicillin,1.04068,3588
4HYE_A,9u9c_I_A1EOR_amoxicillin,,3870
4IVV_A,9u9c_I_A1EOR_amoxicillin,0.829051,1701
4IWT_A,9u9c_I_A1EOR_amoxicillin,0.822486,2948
4MR0_A,9u9c_I_A1EOR_amoxicillin,1.12641,8578
4OQ1_A,9u9c_I_A1EOR_amoxicillin,1.09042,3276
4QQA_A,9u9c_I_A1EOR_amoxicillin,1.63233,4722
4UTO_A,9u9c_I_A1EOR_amoxicillin,0.390121,5440
4UTP_A,9u9c_I_A1EOR_amoxicillin,1.43103,5538
4X36_A,9u9c_I_A1EOR_amoxicillin,1.25513,3171
4XE9_A,9u9c_I_A1EOR_amoxicillin,1.55688,6416
4XMA_A,9u9c_I_A1EOR_amoxicillin,1.55355,6408
4XOG_A,9u9c_I_A1EOR_amoxicillin,1.53362,6433
4XYX_A,9u9c_I_A1EOR_amoxicillin,1.52067,6439
4YW1_A,9u9c_I_A1EOR_amoxicillin,1.40692,12902
4YZ1_A,9u9c_I_A1EOR_amoxicillin,1.13366,12842
4ZGH_A,9u9c_I_A1EOR_amoxicillin,1.28673,4625
4ZMR_A,9u9c_I_A1EOR_amoxicillin,0.459737,3929
5AOD_A,9u9c_I_A1EOR_amoxicillin,1.51154,4631
5AOE_A,9u9c_I_A1EOR_amoxicillin,1.43029,9510
5AOF_A,9u9c_I_A1EOR_amoxicillin,1.73782,4757
5CR6_D,9u9c_I_A1EOR_amoxicillin,1.6236,4577
5CR8_A,9u9c_I_A1EOR_amoxicillin,-0.111007,2334
5CTV_A,9u9c_I_A1EOR_amoxicillin,0.854177,1770
5J5P_A,9u9c_I_A1EOR_amoxicillin,1.46546,7553
5KKY_A,9u9c_I_A1EOR_amoxicillin,1.41649,9239
5LY6_B,9u9c_I_A1EOR_amoxicillin,1.12267,4599
5WI5_A,9u9c_I_A1EOR_amoxicillin,1.31146,15464
5XU0_A,9u9c_I_A1EOR_amoxicillin,0.966366,6342
5XU1_A,9u9c_I_A1EOR_amoxicillin,0.753274,11370
5XU1_M,9u9c_I_A1EOR_amoxicillin,1.06678,11370
5YIG_A,9u9c_I_A1EOR_amoxicillin,1.25937,3655
6EB7_A,9u9c_I_A1EOR_amoxicillin,0.0928483,1158
6FMG_A,9u9c_I_A1EOR_amoxicillin,1.14402,5098
6HE6_A,9u9c_I_A1EOR_amoxicillin,0.0919367,2326
6HFX_A,9u9c_I_A1EOR_amoxicillin,0.880007,2270
6JMP_A,9u9c_I_A1EOR_amoxicillin,1.8241,4589
6JYX_A,9u9c_I_A1EOR_amoxicillin,1.48824,6053
6MK7_A,9u9c_I_A1EOR_amoxicillin,0.876992,1105
6PON_A,9u9c_I_A1EOR_amoxicillin,0.512733,5161
6PQL_A,9u9c_I_A1EOR_amoxicillin,1.4323,14836
6Z4W_A,9u9c_I_A1EOR_amoxicillin,0.911591,2282
6Z63_A,9u9c_I_A1EOR_amoxicillin,1.59999,6746
7A54_A,9u9c_I_A1EOR_amoxicillin,1.55478,9264
7JJ8_A,9u9c_I_A1EOR_amoxicillin,1.04222,10194
7JJ9_A,9u9c_I_A1EOR_amoxicillin,0.965091,4490
7JJA_A,9u9c_I_A1EOR_amoxicillin,1.12344,1822
7PL2_A,9u9c_I_A1EOR_amoxicillin,0.630827,4158
7T2A_C,9u9c_I_A1EOR_amoxicillin,1.41921,7396
8HF4_A,9u9c_I_A1EOR_amoxicillin,1.11642,10812
8HF6_A,9u9c_I_A1EOR_amoxicillin,1.00109,10816
AF-A0A0B7KV51-F1-model_v6,9u9c_I_A1EOR_amoxicillin,1.43797,2866
AF-A0A0B7KZH3-F1-model_v6,9u9c_I_A1EOR_amoxicillin,1.18723,2464
AF-A0A0B7L047-F1-model_v6,9u9c_I_A1EOR_amoxicillin,0.634236,1961
AF-A0A0B7L2C4-F1-model_v6,9u9c_I_A1EOR_amoxicillin,-0.096903,1853
AF-A0A0B7LC21-F1-model_v6,9u9c_I_A1EOR_amoxicillin,0.672426,2366
AF-A0A0B7LCH0-F1-model_v6,9u9c_I_A1EOR_amoxicillin,-0.0000000276923,4989
AF-A0A0B7LIE2-F1-model_v6,9u9c_I_A1EOR_amoxicillin,1.45146,8260
AF-A0A0E8ZM54-F1-model_v6,9u9c_I_A1EOR_amoxicillin,0.643798,2797
AF-A0A0H2UN20-F1-model_v6,9u9c_I_A1EOR_amoxicillin,0.197864,2093
AF-A0A0H2UND3-F1-model_v6,9u9c_I_A1EOR_amoxicillin,0.132832,2567
AF-A0A0H2UNX8-F1-model_v6,9u9c_I_A1EOR_amoxicillin,0.993947,738
AF-A0A0H2ZM30-F1-model_v6,9u9c_I_A1EOR_amoxicillin,0.811191,2626
AF-A0A0H2ZNX2-F1-model_v6,9u9c_I_A1EOR_amoxicillin,1.77216,4560
AF-A0A0T8G4V9-F1-model_v6,9u9c_I_A1EOR_amoxicillin,1.18886,1360
AF-A0A1H1R4D7-F1-model_v6,9u9c_I_A1EOR_amoxicillin,1.09154,2725
AF-A0A237JKZ5-F1-model_v6,9u9c_I_A1EOR_amoxicillin,0.703634,1914
AF-A0A2X3V8L4-F1-model_v6,9u9c_I_A1EOR_amoxicillin,0.634191,5650
AF-A0A3A4S4J8-F1-model_v6,9u9c_I_A1EOR_amoxicillin,1.4082,2662
AF-A0A3R9M168-F1-model_v6,9u9c_I_A1EOR_amoxicillin,0.567737,4376
AF-A0A4J1UGG0-F1-model_v6,9u9c_I_A1EOR_amoxicillin,0.75368,4311
AF-A0A4J1UII4-F1-model_v6,9u9c_I_A1EOR_amoxicillin,0.905709,1749
AF-A0A4J1VGK4-F1-model_v6,9u9c_I_A1EOR_amoxicillin,-0.192677,2876
AF-A0A4J1VSB1-F1-model_v6,9u9c_I_A1EOR_amoxicillin,0.861956,2351
AF-A0A4J1VZA0-F1-model_v6,9u9c_I_A1EOR_amoxicillin,1.25253,2411
AF-A0A4J1WF80-F1-model_v6,9u9c_I_A1EOR_amoxicillin,1.40055,4275
AF-A0A4J1WRN7-F1-model_v6,9u9c_I_A1EOR_amoxicillin,1.45671,2035
AF-A0A4J1WWI9-F1-model_v6,9u9c_I_A1EOR_amoxicillin,1.03842,2334
AF-A0A4J1WXG5-F1-model_v6,9u9c_I_A1EOR_amoxicillin,0.536473,4255
AF-A0A4L7JIJ9-F1-model_v6,9u9c_I_A1EOR_amoxicillin,1.11601,5353
AF-A0A4L7JNS5-F1-model_v6,9u9c_I_A1EOR_amoxicillin,0.627408,11864
AF-A0A4R3L5A4-F1-model_v6,9u9c_I_A1EOR_amoxicillin,-0.0922133,1047
AF-A0A6I3UCE5-F1-model_v6,9u9c_I_A1EOR_amoxicillin,0.8292,2425
AF-A0A916L5M1-F1-model_v6,9u9c_I_A1EOR_amoxicillin,-0.0479606,1075
AF-A0AA89KWM9-F1-model_v6,9u9c_I_A1EOR_amoxicillin,-0.946191,2637
AF-A0AAE6YR42-F1-model_v6,9u9c_I_A1EOR_amoxicillin,0.399443,3293
AF-A0AAI9A065-F1-model_v6,9u9c_I_A1EOR_amoxicillin,0.695291,2194
AF-A0AAJ5P3Y6-F1-model_v6,9u9c_I_A1EOR_amoxicillin,0.636422,4844
AF-A0AAJ5P5J3-F1-model_v6,9u9c_I_A1EOR_amoxicillin,0.950555,2844
AF-A0AAW5WQ32-F1-model_v6,9u9c_I_A1EOR_amoxicillin,0.608169,2657
AF-A0AAW6XTF7-F1-model_v6,9u9c_I_A1EOR_amoxicillin,1.31825,2885
AF-B2ISJ9-F1-model_v6,9u9c_I_A1EOR_amoxicillin,1.07517,6601
AF-C1C6U9-F1-model_v6,9u9c_I_A1EOR_amoxicillin,0.664158,3656
AF-C1C8J0-F1-model_v6,9u9c_I_A1EOR_amoxicillin,1.36583,2123
AF-C1C8P0-F1-model_v6,9u9c_I_A1EOR_amoxicillin,-2.38442E-14,3005
AF-C1CAB1-F1-model_v6,9u9c_I_A1EOR_amoxicillin,0.980165,3914
AF-C1CD75-F1-model_v6,9u9c_I_A1EOR_amoxicillin,1.44859,1652
AF-G3GGL5-F1-model_v6,9u9c_I_A1EOR_amoxicillin,0.944836,2212
AF-G3GGT8-F1-model_v6,9u9c_I_A1EOR_amoxicillin,0.830088,2231
1C82_A,Vancomycin,0.697871,7224
1GVM_A,Vancomycin,,7895
1H8G_A,Vancomycin,,1978
1HCX_A,Vancomycin,,2679
1IB8_A,Vancomycin,,1630
1LOH_A,Vancomycin,,7239
1N7N_A,Vancomycin,0.777226,7231
1N7O_A,Vancomycin,0.663261,7237
1N7P_A,Vancomycin,0.828641,7227
1N7Q_A,Vancomycin,0.8525,7221
1N7R_A,Vancomycin,0.185952,7217
1NXO_A,Vancomycin,,1227
1NXT_A,Vancomycin,,1222
1OJM_A,Vancomycin,0.676142,7251
1OJN_A,Vancomycin,0.72534,7261
1OJO_A,Vancomycin,0.624071,7261
1OX0_A,Vancomycin,0.24228,3887
1PMD_A,Vancomycin,0.527355,6451
1PSZ_A,Vancomycin,0.271571,2884
1PYY_A,Vancomycin,,5783
1Q3T_A,Vancomycin,,2217
1QME_A,Vancomycin,0.770787,5305
1RP5_A,Vancomycin,0.435034,13003
1WRA_A,Vancomycin,0.595091,6145
2ALM_A,Vancomycin,0.511525,3858
2BIB_A,Vancomycin,0.298251,5533
2BML_A,Vancomycin,,2661
2JKB_A,Vancomycin,0.559411,6525
2L4O_A,Vancomycin,0.297378,1678
2NOV_A,Vancomycin,0.496102,17543
2RJT_A,Vancomycin,,14933
2V04_A,Vancomycin,0.312949,3257
2VEF_A,Vancomycin,0.464213,5284
2VVZ_A,Vancomycin,0.750778,9315
2VW0_A,Vancomycin,0.387628,6486
2VYU_A,Vancomycin,0.345235,3147
2W1J_A,Vancomycin,0.406975,3818
2W1K_A,Vancomycin,0.336402,4115
2W20_A,Vancomycin,0.801522,9295
2WAD_A,Vancomycin,,16957
2WAE_A,Vancomycin,0.170369,5725
2WAF_A,Vancomycin,0.42731,5855
2WJD_A,Vancomycin,0.499542,2530
2WW8_A,Vancomycin,0.621272,8020
2X9W_A,Vancomycin,,4263
2X9Y_A,Vancomycin,,4235
2X9Z_A,Vancomycin,0.328451,2545
2XD2_A,Vancomycin,,7130
2XXP_A,Vancomycin,0.716494,3668
2XXQ_A,Vancomycin,,3650
2Y1V_A,Vancomycin,0.888296,16961
2YA4_A,Vancomycin,0.853493,9314
2Z2L_A,Vancomycin,,12099
2Z2L_B,Vancomycin,0.862198,12099
2Z2L_C,Vancomycin,,12099
2Z6I_A,Vancomycin,0.842041,5823
2Z6J_A,Vancomycin,0.482281,5579
3CX3_A,Vancomycin,0.420893,5137
3H71_A,Vancomycin,,9399
3H72_A,Vancomycin,0.386091,9399
3HIA_A,Vancomycin,0.316875,2344
3IX9_A,Vancomycin,0.181165,3461
3QY8_A,Vancomycin,0.267374,2525
3RPK_A,Vancomycin,0.83922,11109
3S46_A,Vancomycin,,6889
3ZH3_A,Vancomycin,0.400674,3903
3ZH4_A,Vancomycin,,3888
3ZK7_A,Vancomycin,0.513634,5517
3ZK8_A,Vancomycin,0.874016,5519
3ZK9_A,Vancomycin,0.66441,5521
3ZPP_A,Vancomycin,0.116501,4097
4CNL_A,Vancomycin,0.21648,1948
4D0Q_A,Vancomycin,0.32571,1671
4D0Y_A,Vancomycin,0.35,3683
4DE8_A,Vancomycin,0.540428,3663
4HYE_A,Vancomycin,0.196342,3945
4IVV_A,Vancomycin,0.308586,1776
4IWT_A,Vancomycin,0.802543,3023
4MR0_A,Vancomycin,,8653
4OQ1_A,Vancomycin,0.59612,3351
4QQA_A,Vancomycin,0.398487,4797
4UTO_A,Vancomycin,,5515
4UTP_A,Vancomycin,0.597966,5613
4X36_A,Vancomycin,0.546012,3246
4XE9_A,Vancomycin,,6491
4XMA_A,Vancomycin,,6483
4XOG_A,Vancomycin,,6508
4XYX_A,Vancomycin,0.388767,6514
4YW1_A,Vancomycin,0.674454,12977
4YZ1_A,Vancomycin,0.635195,12917
4ZGH_A,Vancomycin,0.296513,4700
4ZMR_A,Vancomycin,0.240434,4004
5AOD_A,Vancomycin,0.371596,4706
5AOE_A,Vancomycin,0.472737,9585
5AOF_A,Vancomycin,0.559088,4832
5CR6_D,Vancomycin,-0.338636,4652
5CR8_A,Vancomycin,,2409
5CTV_A,Vancomycin,0.260381,1845
5J5P_A,Vancomycin,,7628
5KKY_A,Vancomycin,0.310017,9314
5LY6_B,Vancomycin,0.135514,4674
5WI5_A,Vancomycin,0.685523,15539
5XU0_A,Vancomycin,,6417
5XU1_A,Vancomycin,0.574372,11445
5XU1_M,Vancomycin,,11445
5YIG_A,Vancomycin,0.478233,3730
6EB7_A,Vancomycin,0.11689,1233
6FMG_A,Vancomycin,,5173
6HE6_A,Vancomycin,0.42753,2401
6HFX_A,Vancomycin,0.483921,2345
6JMP_A,Vancomycin,0.203655,4664
6JYX_A,Vancomycin,,6128
6MK7_A,Vancomycin,0.292623,1180
6PON_A,Vancomycin,0.341666,5236
6PQL_A,Vancomycin,0.803843,14911
6Z4W_A,Vancomycin,,2357
6Z63_A,Vancomycin,0.482633,6821
7A54_A,Vancomycin,0.442051,9339
7JJ8_A,Vancomycin,,10269
7JJ9_A,Vancomycin,0.297429,4565
7JJA_A,Vancomycin,,1897
7PL2_A,Vancomycin,0.415801,4233
7T2A_C,Vancomycin,,7471
8HF4_A,Vancomycin,-0.148392,10887
8HF6_A,Vancomycin,0.936225,10891
AF-A0A0B7KV51-F1-model_v6,Vancomycin,0.404179,2941
AF-A0A0B7KZH3-F1-model_v6,Vancomycin,,2539
AF-A0A0B7L047-F1-model_v6,Vancomycin,0.355899,2036
AF-A0A0B7L2C4-F1-model_v6,Vancomycin,0.414849,1928
AF-A0A0B7LC21-F1-model_v6,Vancomycin,,2441
AF-A0A0B7LCH0-F1-model_v6,Vancomycin,9.54132E-15,5064
AF-A0A0B7LIE2-F1-model_v6,Vancomycin,0.573315,8335
AF-A0A0E8ZM54-F1-model_v6,Vancomycin,0.424338,2872
AF-A0A0H2UN20-F1-model_v6,Vancomycin,0.307235,2168
AF-A0A0H2UND3-F1-model_v6,Vancomycin,0.435937,2642
AF-A0A0H2UNX8-F1-model_v6,Vancomycin,0.237071,813
AF-A0A0H2ZM30-F1-model_v6,Vancomycin,,2701
AF-A0A0H2ZNX2-F1-model_v6,Vancomycin,-0.324273,4635
AF-A0A0T8G4V9-F1-model_v6,Vancomycin,0.29289,1435
AF-A0A1H1R4D7-F1-model_v6,Vancomycin,0.405829,2800
AF-A0A237JKZ5-F1-model_v6,Vancomycin,0.395278,1989
AF-A0A2X3V8L4-F1-model_v6,Vancomycin,0.236475,5725
AF-A0A3A4S4J8-F1-model_v6,Vancomycin,0.414084,2737
AF-A0A3R9M168-F1-model_v6,Vancomycin,0.369275,4451
AF-A0A4J1UGG0-F1-model_v6,Vancomycin,,4386
AF-A0A4J1UII4-F1-model_v6,Vancomycin,0.406017,1824
AF-A0A4J1VGK4-F1-model_v6,Vancomycin,0.456086,2951
AF-A0A4J1VSB1-F1-model_v6,Vancomycin,0.228335,2426
AF-A0A4J1VZA0-F1-model_v6,Vancomycin,0.56911,2486
AF-A0A4J1WF80-F1-model_v6,Vancomycin,0.478314,4350
AF-A0A4J1WRN7-F1-model_v6,Vancomycin,,2110
AF-A0A4J1WWI9-F1-model_v6,Vancomycin,,2409
AF-A0A4J1WXG5-F1-model_v6,Vancomycin,,4330
AF-A0A4L7JIJ9-F1-model_v6,Vancomycin,0.394693,5428
AF-A0A4L7JNS5-F1-model_v6,Vancomycin,,11939
AF-A0A4R3L5A4-F1-model_v6,Vancomycin,,1122
AF-A0A6I3UCE5-F1-model_v6,Vancomycin,0.399313,2500
AF-A0A916L5M1-F1-model_v6,Vancomycin,-0.781431,1150
AF-A0AA89KWM9-F1-model_v6,Vancomycin,0.296115,2712
AF-A0AAE6YR42-F1-model_v6,Vancomycin,,3368
AF-A0AAI9A065-F1-model_v6,Vancomycin,0.554536,2269
AF-A0AAJ5P3Y6-F1-model_v6,Vancomycin,0.569237,4919
AF-A0AAJ5P5J3-F1-model_v6,Vancomycin,,2919
AF-A0AAW5WQ32-F1-model_v6,Vancomycin,0.648601,2732
AF-A0AAW6XTF7-F1-model_v6,Vancomycin,0.553107,2960
AF-B2ISJ9-F1-model_v6,Vancomycin,0.406766,6676
AF-C1C6U9-F1-model_v6,Vancomycin,,3731
AF-C1C8J0-F1-model_v6,Vancomycin,,2198
AF-C1C8P0-F1-model_v6,Vancomycin,0.000000990099,3080
AF-C1CAB1-F1-model_v6,Vancomycin,0.536611,3989
AF-C1CD75-F1-model_v6,Vancomycin,,1727
AF-G3GGL5-F1-model_v6,Vancomycin,0.276099,2287
AF-G3GGT8-F1-model_v6,Vancomycin,,2306
