protein,ligand,ligand_efficiency
1C82_A,3jz0_G_CLY_clindamycin,0.314093
1GVM_A,3jz0_G_CLY_clindamycin,1.23265
1H8G_A,3jz0_G_CLY_clindamycin,1.2509
1HCX_A,3jz0_G_CLY_clindamycin,0.0801666
1IB8_A,3jz0_G_CLY_clindamycin,0.448524
1LOH_A,3jz0_G_CLY_clindamycin,0.930574
1N7N_A,3jz0_G_CLY_clindamycin,0.746361
1N7O_A,3jz0_G_CLY_clindamycin,0.818477
1N7P_A,3jz0_G_CLY_clindamycin,0.266908
1N7Q_A,3jz0_G_CLY_clindamycin,-0.545352
1N7R_A,3jz0_G_CLY_clindamycin,0.0910933
1NXO_A,3jz0_G_CLY_clindamycin,0.332537
1NXT_A,3jz0_G_CLY_clindamycin,
1OJM_A,3jz0_G_CLY_clindamycin,1.0308
1OJN_A,3jz0_G_CLY_clindamycin,0.0102642
1OJO_A,3jz0_G_CLY_clindamycin,0.161847
1OX0_A,3jz0_G_CLY_clindamycin,0.653885
1PMD_A,3jz0_G_CLY_clindamycin,-0.336656
1PSZ_A,3jz0_G_CLY_clindamycin,-0.131821
1PYY_A,3jz0_G_CLY_clindamycin,0.220839
1Q3T_A,3jz0_G_CLY_clindamycin,-0.420865
1QME_A,3jz0_G_CLY_clindamycin,1.57406
1RP5_A,3jz0_G_CLY_clindamycin,0.477909
1WRA_A,3jz0_G_CLY_clindamycin,1.01629
2ALM_A,3jz0_G_CLY_clindamycin,1.65338
2BIB_A,3jz0_G_CLY_clindamycin,1.60944
2BML_A,3jz0_G_CLY_clindamycin,0.824362
2JKB_A,3jz0_G_CLY_clindamycin,0.230881
2L4O_A,3jz0_G_CLY_clindamycin,0.293885
2NOV_A,3jz0_G_CLY_clindamycin,0.601144
2RJT_A,3jz0_G_CLY_clindamycin,1.2969
2V04_A,3jz0_G_CLY_clindamycin,0.167819
2VEF_A,3jz0_G_CLY_clindamycin,0.53075
2VVZ_A,3jz0_G_CLY_clindamycin,1.45123
2VW0_A,3jz0_G_CLY_clindamycin,-0.0433244
2VYU_A,3jz0_G_CLY_clindamycin,0.678801
2W1J_A,3jz0_G_CLY_clindamycin,0.413821
2W1K_A,3jz0_G_CLY_clindamycin,1.1616
2W20_A,3jz0_G_CLY_clindamycin,
2WAD_A,3jz0_G_CLY_clindamycin,1.61071
2WAE_A,3jz0_G_CLY_clindamycin,0.549074
2WAF_A,3jz0_G_CLY_clindamycin,0
2WJD_A,3jz0_G_CLY_clindamycin,1.28413
2WW8_A,3jz0_G_CLY_clindamycin,-0.0332017
2X9W_A,3jz0_G_CLY_clindamycin,0.114257
2X9Y_A,3jz0_G_CLY_clindamycin,0.743022
2X9Z_A,3jz0_G_CLY_clindamycin,-0.170935
2XD2_A,3jz0_G_CLY_clindamycin,-0.322024
2XXP_A,3jz0_G_CLY_clindamycin,0.10353
2XXQ_A,3jz0_G_CLY_clindamycin,1.05002
2Y1V_A,3jz0_G_CLY_clindamycin,1.82798
2YA4_A,3jz0_G_CLY_clindamycin,1.40221
2Z2L_A,3jz0_G_CLY_clindamycin,1.73072
2Z2L_B,3jz0_G_CLY_clindamycin,1.39132
2Z2L_C,3jz0_G_CLY_clindamycin,1.48172
2Z6I_A,3jz0_G_CLY_clindamycin,1.53457
2Z6J_A,3jz0_G_CLY_clindamycin,0.63793
3CX3_A,3jz0_G_CLY_clindamycin,1.43654
3H71_A,3jz0_G_CLY_clindamycin,-0.00329989
3H72_A,3jz0_G_CLY_clindamycin,0.191478
3HIA_A,3jz0_G_CLY_clindamycin,1.6326
3IX9_A,3jz0_G_CLY_clindamycin,0.802822
3QY8_A,3jz0_G_CLY_clindamycin,-0.934526
3RPK_A,3jz0_G_CLY_clindamycin,1.07842
3S46_A,3jz0_G_CLY_clindamycin,0.971034
3ZH3_A,3jz0_G_CLY_clindamycin,-0.0478363
3ZH4_A,3jz0_G_CLY_clindamycin,-2.24714
3ZK7_A,3jz0_G_CLY_clindamycin,1.41765
3ZK8_A,3jz0_G_CLY_clindamycin,0.301661
3ZK9_A,3jz0_G_CLY_clindamycin,1.73553
3ZPP_A,3jz0_G_CLY_clindamycin,0.694766
4CNL_A,3jz0_G_CLY_clindamycin,0.450006
4D0Q_A,3jz0_G_CLY_clindamycin,-0.128467
4D0Y_A,3jz0_G_CLY_clindamycin,0.995009
4DE8_A,3jz0_G_CLY_clindamycin,0.334481
4HYE_A,3jz0_G_CLY_clindamycin,-0.793261
4IVV_A,3jz0_G_CLY_clindamycin,1.58129
4IWT_A,3jz0_G_CLY_clindamycin,1.14753
4MR0_A,3jz0_G_CLY_clindamycin,0.765036
4OQ1_A,3jz0_G_CLY_clindamycin,-0.537672
4QQA_A,3jz0_G_CLY_clindamycin,1.06875
4UTO_A,3jz0_G_CLY_clindamycin,-0.766618
4UTP_A,3jz0_G_CLY_clindamycin,0.489777
4X36_A,3jz0_G_CLY_clindamycin,1.26855
4XE9_A,3jz0_G_CLY_clindamycin,1.28207
4XMA_A,3jz0_G_CLY_clindamycin,1.31498
4XOG_A,3jz0_G_CLY_clindamycin,0.802101
4XYX_A,3jz0_G_CLY_clindamycin,1.04143
4YW1_A,3jz0_G_CLY_clindamycin,1.05037
4YZ1_A,3jz0_G_CLY_clindamycin,0.766824
4ZGH_A,3jz0_G_CLY_clindamycin,1.21148
4ZMR_A,3jz0_G_CLY_clindamycin,0.300374
5AOD_A,3jz0_G_CLY_clindamycin,1.11111
5AOE_A,3jz0_G_CLY_clindamycin,0.858959
5AOF_A,3jz0_G_CLY_clindamycin,1.63226
5CR6_D,3jz0_G_CLY_clindamycin,1.64219
5CR8_A,3jz0_G_CLY_clindamycin,0.183047
5CTV_A,3jz0_G_CLY_clindamycin,0.987518
5J5P_A,3jz0_G_CLY_clindamycin,0.603735
5KKY_A,3jz0_G_CLY_clindamycin,1.24726
5LY6_B,3jz0_G_CLY_clindamycin,-0.17287
5WI5_A,3jz0_G_CLY_clindamycin,0.812549
5XU0_A,3jz0_G_CLY_clindamycin,0.879419
5XU1_A,3jz0_G_CLY_clindamycin,0.972524
5XU1_M,3jz0_G_CLY_clindamycin,0.572338
5YIG_A,3jz0_G_CLY_clindamycin,0.602188
6EB7_A,3jz0_G_CLY_clindamycin,0.024443
6FMG_A,3jz0_G_CLY_clindamycin,0.900843
6HE6_A,3jz0_G_CLY_clindamycin,0.551731
6HFX_A,3jz0_G_CLY_clindamycin,-0.213976
6JMP_A,3jz0_G_CLY_clindamycin,0.174592
6JYX_A,3jz0_G_CLY_clindamycin,1.43702
6MK7_A,3jz0_G_CLY_clindamycin,-0.564631
6PON_A,3jz0_G_CLY_clindamycin,1.00402
6PQL_A,3jz0_G_CLY_clindamycin,1.35963
6Z4W_A,3jz0_G_CLY_clindamycin,-0.010068
6Z63_A,3jz0_G_CLY_clindamycin,1.0157
7A54_A,3jz0_G_CLY_clindamycin,0.350503
7JJ8_A,3jz0_G_CLY_clindamycin,
7JJ9_A,3jz0_G_CLY_clindamycin,1.2877
7JJA_A,3jz0_G_CLY_clindamycin,0.661795
7PL2_A,3jz0_G_CLY_clindamycin,0.99244
7T2A_C,3jz0_G_CLY_clindamycin,0.805517
8HF4_A,3jz0_G_CLY_clindamycin,0.124788
8HF6_A,3jz0_G_CLY_clindamycin,-0.724449
AF-A0A0B7KV51-F1-model_v6,3jz0_G_CLY_clindamycin,0.944589
AF-A0A0B7KZH3-F1-model_v6,3jz0_G_CLY_clindamycin,1.13461
AF-A0A0B7L047-F1-model_v6,3jz0_G_CLY_clindamycin,1.02501
AF-A0A0B7L2C4-F1-model_v6,3jz0_G_CLY_clindamycin,0.198646
AF-A0A0B7LC21-F1-model_v6,3jz0_G_CLY_clindamycin,-0.123795
AF-A0A0B7LCH0-F1-model_v6,3jz0_G_CLY_clindamycin,7.40741e-06
AF-A0A0B7LIE2-F1-model_v6,3jz0_G_CLY_clindamycin,1.49542
AF-A0A0E8ZM54-F1-model_v6,3jz0_G_CLY_clindamycin,1.35967
AF-A0A0H2UN20-F1-model_v6,3jz0_G_CLY_clindamycin,-0.0464906
AF-A0A0H2UND3-F1-model_v6,3jz0_G_CLY_clindamycin,0.108575
AF-A0A0H2UNX8-F1-model_v6,3jz0_G_CLY_clindamycin,0.779014
AF-A0A0H2ZM30-F1-model_v6,3jz0_G_CLY_clindamycin,0.362835
AF-A0A0H2ZNX2-F1-model_v6,3jz0_G_CLY_clindamycin,0.946148
AF-A0A0T8G4V9-F1-model_v6,3jz0_G_CLY_clindamycin,0.713964
AF-A0A1H1R4D7-F1-model_v6,3jz0_G_CLY_clindamycin,0.565955
AF-A0A237JKZ5-F1-model_v6,3jz0_G_CLY_clindamycin,1.3642
AF-A0A2X3V8L4-F1-model_v6,3jz0_G_CLY_clindamycin,
AF-A0A3A4S4J8-F1-model_v6,3jz0_G_CLY_clindamycin,1.07933
AF-A0A3R9M168-F1-model_v6,3jz0_G_CLY_clindamycin,0.196897
AF-A0A4J1UGG0-F1-model_v6,3jz0_G_CLY_clindamycin,-0.744022
AF-A0A4J1UII4-F1-model_v6,3jz0_G_CLY_clindamycin,0.350229
AF-A0A4J1VGK4-F1-model_v6,3jz0_G_CLY_clindamycin,0.810325
AF-A0A4J1VSB1-F1-model_v6,3jz0_G_CLY_clindamycin,-0.864443
AF-A0A4J1VZA0-F1-model_v6,3jz0_G_CLY_clindamycin,1.60509
AF-A0A4J1WF80-F1-model_v6,3jz0_G_CLY_clindamycin,1.44525
AF-A0A4J1WRN7-F1-model_v6,3jz0_G_CLY_clindamycin,1.46954
AF-A0A4J1WWI9-F1-model_v6,3jz0_G_CLY_clindamycin,0.725871
AF-A0A4J1WXG5-F1-model_v6,3jz0_G_CLY_clindamycin,0.803179
AF-A0A4L7JIJ9-F1-model_v6,3jz0_G_CLY_clindamycin,-0.133332
AF-A0A4L7JNS5-F1-model_v6,3jz0_G_CLY_clindamycin,0.746043
AF-A0A4R3L5A4-F1-model_v6,3jz0_G_CLY_clindamycin,-0.58839
AF-A0A6I3UCE5-F1-model_v6,3jz0_G_CLY_clindamycin,1.69457
AF-A0A916L5M1-F1-model_v6,3jz0_G_CLY_clindamycin,-0.216797
AF-A0AA89KWM9-F1-model_v6,3jz0_G_CLY_clindamycin,0.379016
AF-A0AAE6YR42-F1-model_v6,3jz0_G_CLY_clindamycin,0.513672
AF-A0AAI9A065-F1-model_v6,3jz0_G_CLY_clindamycin,0.696939
AF-A0AAJ5P3Y6-F1-model_v6,3jz0_G_CLY_clindamycin,0.594698
AF-A0AAJ5P5J3-F1-model_v6,3jz0_G_CLY_clindamycin,0.383264
AF-A0AAW5WQ32-F1-model_v6,3jz0_G_CLY_clindamycin,1.27588
AF-A0AAW6XTF7-F1-model_v6,3jz0_G_CLY_clindamycin,0.581974
AF-B2ISJ9-F1-model_v6,3jz0_G_CLY_clindamycin,-1.04859
AF-C1C6U9-F1-model_v6,3jz0_G_CLY_clindamycin,1.25606
AF-C1C8J0-F1-model_v6,3jz0_G_CLY_clindamycin,1.18593
AF-C1C8P0-F1-model_v6,3jz0_G_CLY_clindamycin,-7.40741e-06
AF-C1CAB1-F1-model_v6,3jz0_G_CLY_clindamycin,1.29592
AF-C1CD75-F1-model_v6,3jz0_G_CLY_clindamycin,0.585453
AF-G3GGL5-F1-model_v6,3jz0_G_CLY_clindamycin,-0.704409
AF-G3GGT8-F1-model_v6,3jz0_G_CLY_clindamycin,1.45948
1C82_A,5btg_K_LFX_levofloxacin,1.18053
1GVM_A,5btg_K_LFX_levofloxacin,1.17089
1H8G_A,5btg_K_LFX_levofloxacin,0.531173
1HCX_A,5btg_K_LFX_levofloxacin,1.01499
1IB8_A,5btg_K_LFX_levofloxacin,-0.554664
1LOH_A,5btg_K_LFX_levofloxacin,0.745566
1N7N_A,5btg_K_LFX_levofloxacin,0.432245
1N7O_A,5btg_K_LFX_levofloxacin,0.829178
1N7P_A,5btg_K_LFX_levofloxacin,0.5146
1N7Q_A,5btg_K_LFX_levofloxacin,-0.126225
1N7R_A,5btg_K_LFX_levofloxacin,0.192973
1NXO_A,5btg_K_LFX_levofloxacin,0.299708
1NXT_A,5btg_K_LFX_levofloxacin,0.20351
1OJM_A,5btg_K_LFX_levofloxacin,1.27529
1OJN_A,5btg_K_LFX_levofloxacin,0.614362
1OJO_A,5btg_K_LFX_levofloxacin,0.714471
1OX0_A,5btg_K_LFX_levofloxacin,-0.361733
1PMD_A,5btg_K_LFX_levofloxacin,0.869794
1PSZ_A,5btg_K_LFX_levofloxacin,0.115655
1PYY_A,5btg_K_LFX_levofloxacin,0.688419
1Q3T_A,5btg_K_LFX_levofloxacin,1.00042
1QME_A,5btg_K_LFX_levofloxacin,1.35701
1RP5_A,5btg_K_LFX_levofloxacin,1.0907
1WRA_A,5btg_K_LFX_levofloxacin,0.584636
2ALM_A,5btg_K_LFX_levofloxacin,0.582392
2BIB_A,5btg_K_LFX_levofloxacin,0.577342
2BML_A,5btg_K_LFX_levofloxacin,1.10179
2JKB_A,5btg_K_LFX_levofloxacin,0.114211
2L4O_A,5btg_K_LFX_levofloxacin,-0.00168635
2NOV_A,5btg_K_LFX_levofloxacin,0.513545
2RJT_A,5btg_K_LFX_levofloxacin,1.26651
2V04_A,5btg_K_LFX_levofloxacin,0.999472
2VEF_A,5btg_K_LFX_levofloxacin,0.493451
2VVZ_A,5btg_K_LFX_levofloxacin,0.970161
2VW0_A,5btg_K_LFX_levofloxacin,0.765145
2VYU_A,5btg_K_LFX_levofloxacin,0.786782
2W1J_A,5btg_K_LFX_levofloxacin,0.640772
2W1K_A,5btg_K_LFX_levofloxacin,0.655779
2W20_A,5btg_K_LFX_levofloxacin,0.962137
2WAD_A,5btg_K_LFX_levofloxacin,1.2872
2WAE_A,5btg_K_LFX_levofloxacin,0.804958
2WAF_A,5btg_K_LFX_levofloxacin,-0.742062
2WJD_A,5btg_K_LFX_levofloxacin,-0.0624328
2WW8_A,5btg_K_LFX_levofloxacin,1.10522
2X9W_A,5btg_K_LFX_levofloxacin,0.0606113
2X9Y_A,5btg_K_LFX_levofloxacin,0.377196
2X9Z_A,5btg_K_LFX_levofloxacin,0.361637
2XD2_A,5btg_K_LFX_levofloxacin,0.615173
2XXP_A,5btg_K_LFX_levofloxacin,0.7843
2XXQ_A,5btg_K_LFX_levofloxacin,0.896851
2Y1V_A,5btg_K_LFX_levofloxacin,1.23476
2YA4_A,5btg_K_LFX_levofloxacin,0.752672
2Z2L_A,5btg_K_LFX_levofloxacin,1.09708
2Z2L_B,5btg_K_LFX_levofloxacin,1.14236
2Z2L_C,5btg_K_LFX_levofloxacin,1.13553
2Z6I_A,5btg_K_LFX_levofloxacin,0.642342
2Z6J_A,5btg_K_LFX_levofloxacin,0.441932
3CX3_A,5btg_K_LFX_levofloxacin,0.57172
3H71_A,5btg_K_LFX_levofloxacin,0.839592
3H72_A,5btg_K_LFX_levofloxacin,0.664323
3HIA_A,5btg_K_LFX_levofloxacin,1.12562
3IX9_A,5btg_K_LFX_levofloxacin,0.774005
3QY8_A,5btg_K_LFX_levofloxacin,0.709244
3RPK_A,5btg_K_LFX_levofloxacin,1.21526
3S46_A,5btg_K_LFX_levofloxacin,-0.0925986
3ZH3_A,5btg_K_LFX_levofloxacin,0.971725
3ZH4_A,5btg_K_LFX_levofloxacin,0.270629
3ZK7_A,5btg_K_LFX_levofloxacin,0.821076
3ZK8_A,5btg_K_LFX_levofloxacin,0.807587
3ZK9_A,5btg_K_LFX_levofloxacin,0.873263
3ZPP_A,5btg_K_LFX_levofloxacin,0.452507
4CNL_A,5btg_K_LFX_levofloxacin,0.603417
4D0Q_A,5btg_K_LFX_levofloxacin,0.650069
4D0Y_A,5btg_K_LFX_levofloxacin,0.947511
4DE8_A,5btg_K_LFX_levofloxacin,0.959999
4HYE_A,5btg_K_LFX_levofloxacin,-0.180833
4IVV_A,5btg_K_LFX_levofloxacin,0.506163
4IWT_A,5btg_K_LFX_levofloxacin,-0.322564
4MR0_A,5btg_K_LFX_levofloxacin,0.513077
4OQ1_A,5btg_K_LFX_levofloxacin,0.285911
4QQA_A,5btg_K_LFX_levofloxacin,0.585961
4UTO_A,5btg_K_LFX_levofloxacin,0.839605
4UTP_A,5btg_K_LFX_levofloxacin,0.995095
4X36_A,5btg_K_LFX_levofloxacin,0.925312
4XE9_A,5btg_K_LFX_levofloxacin,0.571442
4XMA_A,5btg_K_LFX_levofloxacin,1.08686
4XOG_A,5btg_K_LFX_levofloxacin,0.274247
4XYX_A,5btg_K_LFX_levofloxacin,0.744886
4YW1_A,5btg_K_LFX_levofloxacin,0.811071
4YZ1_A,5btg_K_LFX_levofloxacin,0.760622
4ZGH_A,5btg_K_LFX_levofloxacin,0.875635
4ZMR_A,5btg_K_LFX_levofloxacin,0.470695
5AOD_A,5btg_K_LFX_levofloxacin,-0.129878
5AOE_A,5btg_K_LFX_levofloxacin,1.30282
5AOF_A,5btg_K_LFX_levofloxacin,-0.168718
5CR6_D,5btg_K_LFX_levofloxacin,-0.24736
5CR8_A,5btg_K_LFX_levofloxacin,0.268878
5CTV_A,5btg_K_LFX_levofloxacin,0.903467
5J5P_A,5btg_K_LFX_levofloxacin,1.04527
5KKY_A,5btg_K_LFX_levofloxacin,0.811459
5LY6_B,5btg_K_LFX_levofloxacin,-0.179037
5WI5_A,5btg_K_LFX_levofloxacin,1.26577
5XU0_A,5btg_K_LFX_levofloxacin,0.935332
5XU1_A,5btg_K_LFX_levofloxacin,0.996042
5XU1_M,5btg_K_LFX_levofloxacin,0.654373
5YIG_A,5btg_K_LFX_levofloxacin,0.174651
6EB7_A,5btg_K_LFX_levofloxacin,-0.0700692
6FMG_A,5btg_K_LFX_levofloxacin,0.486047
6HE6_A,5btg_K_LFX_levofloxacin,0.872894
6HFX_A,5btg_K_LFX_levofloxacin,0.255351
6JMP_A,5btg_K_LFX_levofloxacin,0.25352
6JYX_A,5btg_K_LFX_levofloxacin,0.717229
6MK7_A,5btg_K_LFX_levofloxacin,0.783556
6PON_A,5btg_K_LFX_levofloxacin,0.447722
6PQL_A,5btg_K_LFX_levofloxacin,1.39933
6Z4W_A,5btg_K_LFX_levofloxacin,-0.0823696
6Z63_A,5btg_K_LFX_levofloxacin,0.731564
7A54_A,5btg_K_LFX_levofloxacin,-0.342382
7JJ8_A,5btg_K_LFX_levofloxacin,0.855053
7JJ9_A,5btg_K_LFX_levofloxacin,0.673442
7JJA_A,5btg_K_LFX_levofloxacin,0.161031
7PL2_A,5btg_K_LFX_levofloxacin,1.09101
7T2A_C,5btg_K_LFX_levofloxacin,1.07243
8HF4_A,5btg_K_LFX_levofloxacin,-0.251267
8HF6_A,5btg_K_LFX_levofloxacin,0.750822
AF-A0A0B7KV51-F1-model_v6,5btg_K_LFX_levofloxacin,-0.651446
AF-A0A0B7KZH3-F1-model_v6,5btg_K_LFX_levofloxacin,1.06989
AF-A0A0B7L047-F1-model_v6,5btg_K_LFX_levofloxacin,0.955767
AF-A0A0B7L2C4-F1-model_v6,5btg_K_LFX_levofloxacin,0.0330935
AF-A0A0B7LC21-F1-model_v6,5btg_K_LFX_levofloxacin,-0.134625
AF-A0A0B7LCH0-F1-model_v6,5btg_K_LFX_levofloxacin,-1.45354e-14
AF-A0A0B7LIE2-F1-model_v6,5btg_K_LFX_levofloxacin,-0.601742
AF-A0A0E8ZM54-F1-model_v6,5btg_K_LFX_levofloxacin,-0.539467
AF-A0A0H2UN20-F1-model_v6,5btg_K_LFX_levofloxacin,0.44018
AF-A0A0H2UND3-F1-model_v6,5btg_K_LFX_levofloxacin,0.186889
AF-A0A0H2UNX8-F1-model_v6,5btg_K_LFX_levofloxacin,0.713272
AF-A0A0H2ZM30-F1-model_v6,5btg_K_LFX_levofloxacin,-1.17359
AF-A0A0H2ZNX2-F1-model_v6,5btg_K_LFX_levofloxacin,0.744447
AF-A0A0T8G4V9-F1-model_v6,5btg_K_LFX_levofloxacin,0.471517
AF-A0A1H1R4D7-F1-model_v6,5btg_K_LFX_levofloxacin,0.894234
AF-A0A237JKZ5-F1-model_v6,5btg_K_LFX_levofloxacin,0.850437
AF-A0A2X3V8L4-F1-model_v6,5btg_K_LFX_levofloxacin,0.853116
AF-A0A3A4S4J8-F1-model_v6,5btg_K_LFX_levofloxacin,0.726323
AF-A0A3R9M168-F1-model_v6,5btg_K_LFX_levofloxacin,-1.08108
AF-A0A4J1UGG0-F1-model_v6,5btg_K_LFX_levofloxacin,0.622631
AF-A0A4J1UII4-F1-model_v6,5btg_K_LFX_levofloxacin,0.658396
AF-A0A4J1VGK4-F1-model_v6,5btg_K_LFX_levofloxacin,0.435669
AF-A0A4J1VSB1-F1-model_v6,5btg_K_LFX_levofloxacin,0.217854
AF-A0A4J1VZA0-F1-model_v6,5btg_K_LFX_levofloxacin,1.02543
AF-A0A4J1WF80-F1-model_v6,5btg_K_LFX_levofloxacin,0.426172
AF-A0A4J1WRN7-F1-model_v6,5btg_K_LFX_levofloxacin,0.855781
AF-A0A4J1WWI9-F1-model_v6,5btg_K_LFX_levofloxacin,-0.185958
AF-A0A4J1WXG5-F1-model_v6,5btg_K_LFX_levofloxacin,1.2707
AF-A0A4L7JIJ9-F1-model_v6,5btg_K_LFX_levofloxacin,0.592665
AF-A0A4L7JNS5-F1-model_v6,5btg_K_LFX_levofloxacin,0.844779
AF-A0A4R3L5A4-F1-model_v6,5btg_K_LFX_levofloxacin,-0.185097
AF-A0A6I3UCE5-F1-model_v6,5btg_K_LFX_levofloxacin,0.665336
AF-A0A916L5M1-F1-model_v6,5btg_K_LFX_levofloxacin,-0.548877
AF-A0AA89KWM9-F1-model_v6,5btg_K_LFX_levofloxacin,0.250516
AF-A0AAE6YR42-F1-model_v6,5btg_K_LFX_levofloxacin,0.460316
AF-A0AAI9A065-F1-model_v6,5btg_K_LFX_levofloxacin,1.0659
AF-A0AAJ5P3Y6-F1-model_v6,5btg_K_LFX_levofloxacin,0.736886
AF-A0AAJ5P5J3-F1-model_v6,5btg_K_LFX_levofloxacin,0.573878
AF-A0AAW5WQ32-F1-model_v6,5btg_K_LFX_levofloxacin,0.552981
AF-A0AAW6XTF7-F1-model_v6,5btg_K_LFX_levofloxacin,0.699138
AF-B2ISJ9-F1-model_v6,5btg_K_LFX_levofloxacin,0.0936447
AF-C1C6U9-F1-model_v6,5btg_K_LFX_levofloxacin,1.01085
AF-C1C8J0-F1-model_v6,5btg_K_LFX_levofloxacin,0.164632
AF-C1C8P0-F1-model_v6,5btg_K_LFX_levofloxacin,7.69231e-06
AF-C1CAB1-F1-model_v6,5btg_K_LFX_levofloxacin,1.04635
AF-C1CD75-F1-model_v6,5btg_K_LFX_levofloxacin,0.711897
AF-G3GGL5-F1-model_v6,5btg_K_LFX_levofloxacin,0.282705
AF-G3GGT8-F1-model_v6,5btg_K_LFX_levofloxacin,0.97494
1C82_A,5igi_C_ZIT_azithromycin,1.03133
1GVM_A,5igi_C_ZIT_azithromycin,0.713228
1H8G_A,5igi_C_ZIT_azithromycin,
1HCX_A,5igi_C_ZIT_azithromycin,0.360548
1IB8_A,5igi_C_ZIT_azithromycin,-2.54952
1LOH_A,5igi_C_ZIT_azithromycin,0.447816
1N7N_A,5igi_C_ZIT_azithromycin,0.659219
1N7O_A,5igi_C_ZIT_azithromycin,0.382504
1N7P_A,5igi_C_ZIT_azithromycin,0.935927
1N7Q_A,5igi_C_ZIT_azithromycin,0.784746
1N7R_A,5igi_C_ZIT_azithromycin,0.512929
1NXO_A,5igi_C_ZIT_azithromycin,-1.55767
1NXT_A,5igi_C_ZIT_azithromycin,-0.0332128
1OJM_A,5igi_C_ZIT_azithromycin,0.778072
1OJN_A,5igi_C_ZIT_azithromycin,
1OJO_A,5igi_C_ZIT_azithromycin,0.503392
1OX0_A,5igi_C_ZIT_azithromycin,-1.45787
1PMD_A,5igi_C_ZIT_azithromycin,-0.330422
1PSZ_A,5igi_C_ZIT_azithromycin,0.448689
1PYY_A,5igi_C_ZIT_azithromycin,0.467032
1Q3T_A,5igi_C_ZIT_azithromycin,-0.373072
1QME_A,5igi_C_ZIT_azithromycin,0.0344412
1RP5_A,5igi_C_ZIT_azithromycin,0.44989
1WRA_A,5igi_C_ZIT_azithromycin,0.816404
2ALM_A,5igi_C_ZIT_azithromycin,-0.47165
2BIB_A,5igi_C_ZIT_azithromycin,0.536221
2BML_A,5igi_C_ZIT_azithromycin,-0.0115196
2JKB_A,5igi_C_ZIT_azithromycin,0.964422
2L4O_A,5igi_C_ZIT_azithromycin,0.444718
2NOV_A,5igi_C_ZIT_azithromycin,0.752269
2RJT_A,5igi_C_ZIT_azithromycin,0.840849
2V04_A,5igi_C_ZIT_azithromycin,-0.0287015
2VEF_A,5igi_C_ZIT_azithromycin,0.707507
2VVZ_A,5igi_C_ZIT_azithromycin,1.03352
2VW0_A,5igi_C_ZIT_azithromycin,0.517544
2VYU_A,5igi_C_ZIT_azithromycin,0.237619
2W1J_A,5igi_C_ZIT_azithromycin,0.340496
2W1K_A,5igi_C_ZIT_azithromycin,0.892135
2W20_A,5igi_C_ZIT_azithromycin,0.141642
2WAD_A,5igi_C_ZIT_azithromycin,0.470299
2WAE_A,5igi_C_ZIT_azithromycin,-0.0569876
2WAF_A,5igi_C_ZIT_azithromycin,-0.707713
2WJD_A,5igi_C_ZIT_azithromycin,0.0202334
2WW8_A,5igi_C_ZIT_azithromycin,1.01924
2X9W_A,5igi_C_ZIT_azithromycin,-0.122837
2X9Y_A,5igi_C_ZIT_azithromycin,0.131495
2X9Z_A,5igi_C_ZIT_azithromycin,0.304043
2XD2_A,5igi_C_ZIT_azithromycin,0.693272
2XXP_A,5igi_C_ZIT_azithromycin,0.679378
2XXQ_A,5igi_C_ZIT_azithromycin,-0.184312
2Y1V_A,5igi_C_ZIT_azithromycin,1.27786
2YA4_A,5igi_C_ZIT_azithromycin,0.761228
2Z2L_A,5igi_C_ZIT_azithromycin,1.22788
2Z2L_B,5igi_C_ZIT_azithromycin,1.23939
2Z2L_C,5igi_C_ZIT_azithromycin,0.992438
2Z6I_A,5igi_C_ZIT_azithromycin,-0.03074
2Z6J_A,5igi_C_ZIT_azithromycin,0.337106
3CX3_A,5igi_C_ZIT_azithromycin,0.662268
3H71_A,5igi_C_ZIT_azithromycin,0.810176
3H72_A,5igi_C_ZIT_azithromycin,0.170109
3HIA_A,5igi_C_ZIT_azithromycin,0.164483
3IX9_A,5igi_C_ZIT_azithromycin,-0.154739
3QY8_A,5igi_C_ZIT_azithromycin,-0.0155216
3RPK_A,5igi_C_ZIT_azithromycin,1.19365
3S46_A,5igi_C_ZIT_azithromycin,-0.138712
3ZH3_A,5igi_C_ZIT_azithromycin,0.446852
3ZH4_A,5igi_C_ZIT_azithromycin,-0.504179
3ZK7_A,5igi_C_ZIT_azithromycin,0.460949
3ZK8_A,5igi_C_ZIT_azithromycin,0.19324
3ZK9_A,5igi_C_ZIT_azithromycin,0.978834
3ZPP_A,5igi_C_ZIT_azithromycin,0.360989
4CNL_A,5igi_C_ZIT_azithromycin,-0.122897
4D0Q_A,5igi_C_ZIT_azithromycin,0.10139
4D0Y_A,5igi_C_ZIT_azithromycin,0.655343
4DE8_A,5igi_C_ZIT_azithromycin,0.172816
4HYE_A,5igi_C_ZIT_azithromycin,-0.760083
4IVV_A,5igi_C_ZIT_azithromycin,0.511345
4IWT_A,5igi_C_ZIT_azithromycin,0.0847103
4MR0_A,5igi_C_ZIT_azithromycin,0.94105
4OQ1_A,5igi_C_ZIT_azithromycin,0.2095
4QQA_A,5igi_C_ZIT_azithromycin,
4UTO_A,5igi_C_ZIT_azithromycin,0.331243
4UTP_A,5igi_C_ZIT_azithromycin,-0.857747
4X36_A,5igi_C_ZIT_azithromycin,0.626874
4XE9_A,5igi_C_ZIT_azithromycin,0.593317
4XMA_A,5igi_C_ZIT_azithromycin,0.941333
4XOG_A,5igi_C_ZIT_azithromycin,-0.174941
4XYX_A,5igi_C_ZIT_azithromycin,0.305281
4YW1_A,5igi_C_ZIT_azithromycin,0.955353
4YZ1_A,5igi_C_ZIT_azithromycin,0.376125
4ZGH_A,5igi_C_ZIT_azithromycin,
4ZMR_A,5igi_C_ZIT_azithromycin,-0.438126
5AOD_A,5igi_C_ZIT_azithromycin,0.208283
5AOE_A,5igi_C_ZIT_azithromycin,-0.412669
5AOF_A,5igi_C_ZIT_azithromycin,-1.32887
5CR6_D,5igi_C_ZIT_azithromycin,
5CR8_A,5igi_C_ZIT_azithromycin,0.0418306
5CTV_A,5igi_C_ZIT_azithromycin,0.233726
5J5P_A,5igi_C_ZIT_azithromycin,-0.0911615
5KKY_A,5igi_C_ZIT_azithromycin,0.0622514
5LY6_B,5igi_C_ZIT_azithromycin,
5WI5_A,5igi_C_ZIT_azithromycin,0.278916
5XU0_A,5igi_C_ZIT_azithromycin,1.10483
5XU1_A,5igi_C_ZIT_azithromycin,0.976301
5XU1_M,5igi_C_ZIT_azithromycin,0.824549
5YIG_A,5igi_C_ZIT_azithromycin,-0.27682
6EB7_A,5igi_C_ZIT_azithromycin,0.318732
6FMG_A,5igi_C_ZIT_azithromycin,0.67287
6HE6_A,5igi_C_ZIT_azithromycin,0.493871
6HFX_A,5igi_C_ZIT_azithromycin,0.238469
6JMP_A,5igi_C_ZIT_azithromycin,0.0981184
6JYX_A,5igi_C_ZIT_azithromycin,1.04912
6MK7_A,5igi_C_ZIT_azithromycin,0.18785
6PON_A,5igi_C_ZIT_azithromycin,0.462976
6PQL_A,5igi_C_ZIT_azithromycin,0.965937
6Z4W_A,5igi_C_ZIT_azithromycin,0.407501
6Z63_A,5igi_C_ZIT_azithromycin,0.464678
7A54_A,5igi_C_ZIT_azithromycin,-0.504242
7JJ8_A,5igi_C_ZIT_azithromycin,0.558217
7JJ9_A,5igi_C_ZIT_azithromycin,0.792618
7JJA_A,5igi_C_ZIT_azithromycin,0.296383
7PL2_A,5igi_C_ZIT_azithromycin,0.197627
7T2A_C,5igi_C_ZIT_azithromycin,0.94244
8HF4_A,5igi_C_ZIT_azithromycin,0.821688
8HF6_A,5igi_C_ZIT_azithromycin,0.255714
AF-A0A0B7KV51-F1-model_v6,5igi_C_ZIT_azithromycin,0.578701
AF-A0A0B7KZH3-F1-model_v6,5igi_C_ZIT_azithromycin,0.066525
AF-A0A0B7L047-F1-model_v6,5igi_C_ZIT_azithromycin,0
AF-A0A0B7L2C4-F1-model_v6,5igi_C_ZIT_azithromycin,-0.537032
AF-A0A0B7LC21-F1-model_v6,5igi_C_ZIT_azithromycin,0.295656
AF-A0A0B7LCH0-F1-model_v6,5igi_C_ZIT_azithromycin,3.84615e-06
AF-A0A0B7LIE2-F1-model_v6,5igi_C_ZIT_azithromycin,0.245897
AF-A0A0E8ZM54-F1-model_v6,5igi_C_ZIT_azithromycin,-0.0676441
AF-A0A0H2UN20-F1-model_v6,5igi_C_ZIT_azithromycin,0.570681
AF-A0A0H2UND3-F1-model_v6,5igi_C_ZIT_azithromycin,0.00334928
AF-A0A0H2UNX8-F1-model_v6,5igi_C_ZIT_azithromycin,0.440863
AF-A0A0H2ZM30-F1-model_v6,5igi_C_ZIT_azithromycin,-0.385639
AF-A0A0H2ZNX2-F1-model_v6,5igi_C_ZIT_azithromycin,0.281991
AF-A0A0T8G4V9-F1-model_v6,5igi_C_ZIT_azithromycin,0.378027
AF-A0A1H1R4D7-F1-model_v6,5igi_C_ZIT_azithromycin,0.161056
AF-A0A237JKZ5-F1-model_v6,5igi_C_ZIT_azithromycin,0.75976
AF-A0A2X3V8L4-F1-model_v6,5igi_C_ZIT_azithromycin,0.126633
AF-A0A3A4S4J8-F1-model_v6,5igi_C_ZIT_azithromycin,0.702253
AF-A0A3R9M168-F1-model_v6,5igi_C_ZIT_azithromycin,0.419693
AF-A0A4J1UGG0-F1-model_v6,5igi_C_ZIT_azithromycin,-0.248635
AF-A0A4J1UII4-F1-model_v6,5igi_C_ZIT_azithromycin,0.426766
AF-A0A4J1VGK4-F1-model_v6,5igi_C_ZIT_azithromycin,0.158376
AF-A0A4J1VSB1-F1-model_v6,5igi_C_ZIT_azithromycin,0.201342
AF-A0A4J1VZA0-F1-model_v6,5igi_C_ZIT_azithromycin,
AF-A0A4J1WF80-F1-model_v6,5igi_C_ZIT_azithromycin,0.101027
AF-A0A4J1WRN7-F1-model_v6,5igi_C_ZIT_azithromycin,0.0312839
AF-A0A4J1WWI9-F1-model_v6,5igi_C_ZIT_azithromycin,
AF-A0A4J1WXG5-F1-model_v6,5igi_C_ZIT_azithromycin,0.914857
AF-A0A4L7JIJ9-F1-model_v6,5igi_C_ZIT_azithromycin,-0.0229438
AF-A0A4L7JNS5-F1-model_v6,5igi_C_ZIT_azithromycin,0.87689
AF-A0A4R3L5A4-F1-model_v6,5igi_C_ZIT_azithromycin,-1.31508
AF-A0A6I3UCE5-F1-model_v6,5igi_C_ZIT_azithromycin,0.795061
AF-A0A916L5M1-F1-model_v6,5igi_C_ZIT_azithromycin,-1.19455
AF-A0AA89KWM9-F1-model_v6,5igi_C_ZIT_azithromycin,0.187585
AF-A0AAE6YR42-F1-model_v6,5igi_C_ZIT_azithromycin,-0.25271
AF-A0AAI9A065-F1-model_v6,5igi_C_ZIT_azithromycin,0.750483
AF-A0AAJ5P3Y6-F1-model_v6,5igi_C_ZIT_azithromycin,0.492204
AF-A0AAJ5P5J3-F1-model_v6,5igi_C_ZIT_azithromycin,
AF-A0AAW5WQ32-F1-model_v6,5igi_C_ZIT_azithromycin,0.524936
AF-A0AAW6XTF7-F1-model_v6,5igi_C_ZIT_azithromycin,0.401069
AF-B2ISJ9-F1-model_v6,5igi_C_ZIT_azithromycin,0.629749
AF-C1C6U9-F1-model_v6,5igi_C_ZIT_azithromycin,0.739478
AF-C1C8J0-F1-model_v6,5igi_C_ZIT_azithromycin,-0.0125165
AF-C1C8P0-F1-model_v6,5igi_C_ZIT_azithromycin,-7.69231e-06
AF-C1CAB1-F1-model_v6,5igi_C_ZIT_azithromycin,1.05626
AF-C1CD75-F1-model_v6,5igi_C_ZIT_azithromycin,
AF-G3GGL5-F1-model_v6,5igi_C_ZIT_azithromycin,0.500514
AF-G3GGT8-F1-model_v6,5igi_C_ZIT_azithromycin,0.935697
1C82_A,5igj_C_CTY_clarithromycin,
1GVM_A,5igj_C_CTY_clarithromycin,0.465668
1H8G_A,5igj_C_CTY_clarithromycin,0.36703
1HCX_A,5igj_C_CTY_clarithromycin,0.564138
1IB8_A,5igj_C_CTY_clarithromycin,-2.99091
1LOH_A,5igj_C_CTY_clarithromycin,0.35853
1N7N_A,5igj_C_CTY_clarithromycin,0.0356023
1N7O_A,5igj_C_CTY_clarithromycin,0.753216
1N7P_A,5igj_C_CTY_clarithromycin,0.313007
1N7Q_A,5igj_C_CTY_clarithromycin,0.458443
1N7R_A,5igj_C_CTY_clarithromycin,-0.173173
1NXO_A,5igj_C_CTY_clarithromycin,
1NXT_A,5igj_C_CTY_clarithromycin,0.110418
1OJM_A,5igj_C_CTY_clarithromycin,
1OJN_A,5igj_C_CTY_clarithromycin,0.235982
1OJO_A,5igj_C_CTY_clarithromycin,0.413947
1OX0_A,5igj_C_CTY_clarithromycin,
1PMD_A,5igj_C_CTY_clarithromycin,
1PSZ_A,5igj_C_CTY_clarithromycin,0.515086
1PYY_A,5igj_C_CTY_clarithromycin,1.08052
1Q3T_A,5igj_C_CTY_clarithromycin,0.0279575
1QME_A,5igj_C_CTY_clarithromycin,0.340563
1RP5_A,5igj_C_CTY_clarithromycin,0.403871
1WRA_A,5igj_C_CTY_clarithromycin,0.967911
2ALM_A,5igj_C_CTY_clarithromycin,
2BIB_A,5igj_C_CTY_clarithromycin,0.684904
2BML_A,5igj_C_CTY_clarithromycin,0.564821
2JKB_A,5igj_C_CTY_clarithromycin,0.698496
2L4O_A,5igj_C_CTY_clarithromycin,
2NOV_A,5igj_C_CTY_clarithromycin,
2RJT_A,5igj_C_CTY_clarithromycin,0.624062
2V04_A,5igj_C_CTY_clarithromycin,0.696367
2VEF_A,5igj_C_CTY_clarithromycin,
2VVZ_A,5igj_C_CTY_clarithromycin,
2VW0_A,5igj_C_CTY_clarithromycin,0.287639
2VYU_A,5igj_C_CTY_clarithromycin,0.536316
2W1J_A,5igj_C_CTY_clarithromycin,0.063763
2W1K_A,5igj_C_CTY_clarithromycin,0.587585
2W20_A,5igj_C_CTY_clarithromycin,0.664976
2WAD_A,5igj_C_CTY_clarithromycin,0.615684
2WAE_A,5igj_C_CTY_clarithromycin,
2WAF_A,5igj_C_CTY_clarithromycin,
2WJD_A,5igj_C_CTY_clarithromycin,0.0967038
2WW8_A,5igj_C_CTY_clarithromycin,0.431804
2X9W_A,5igj_C_CTY_clarithromycin,0.502773
2X9Y_A,5igj_C_CTY_clarithromycin,0.0227683
2X9Z_A,5igj_C_CTY_clarithromycin,0.513665
2XD2_A,5igj_C_CTY_clarithromycin,
2XXP_A,5igj_C_CTY_clarithromycin,
2XXQ_A,5igj_C_CTY_clarithromycin,0.862628
2Y1V_A,5igj_C_CTY_clarithromycin,1.10433
2YA4_A,5igj_C_CTY_clarithromycin,0.92016
2Z2L_A,5igj_C_CTY_clarithromycin,1.21102
2Z2L_B,5igj_C_CTY_clarithromycin,1.23044
2Z2L_C,5igj_C_CTY_clarithromycin,1.29519
2Z6I_A,5igj_C_CTY_clarithromycin,0.363929
2Z6J_A,5igj_C_CTY_clarithromycin,0.281461
3CX3_A,5igj_C_CTY_clarithromycin,0.375247
3H71_A,5igj_C_CTY_clarithromycin,0.493281
3H72_A,5igj_C_CTY_clarithromycin,
3HIA_A,5igj_C_CTY_clarithromycin,0.29476
3IX9_A,5igj_C_CTY_clarithromycin,0.193748
3QY8_A,5igj_C_CTY_clarithromycin,0.0504848
3RPK_A,5igj_C_CTY_clarithromycin,
3S46_A,5igj_C_CTY_clarithromycin,-0.479389
3ZH3_A,5igj_C_CTY_clarithromycin,0.485213
3ZH4_A,5igj_C_CTY_clarithromycin,0.88827
3ZK7_A,5igj_C_CTY_clarithromycin,
3ZK8_A,5igj_C_CTY_clarithromycin,0.618369
3ZK9_A,5igj_C_CTY_clarithromycin,
3ZPP_A,5igj_C_CTY_clarithromycin,
4CNL_A,5igj_C_CTY_clarithromycin,0.560114
4D0Q_A,5igj_C_CTY_clarithromycin,0.378524
4D0Y_A,5igj_C_CTY_clarithromycin,
4DE8_A,5igj_C_CTY_clarithromycin,-0.231328
4HYE_A,5igj_C_CTY_clarithromycin,-0.632447
4IVV_A,5igj_C_CTY_clarithromycin,0.238546
4IWT_A,5igj_C_CTY_clarithromycin,0.535642
4MR0_A,5igj_C_CTY_clarithromycin,0.669783
4OQ1_A,5igj_C_CTY_clarithromycin,0.621994
4QQA_A,5igj_C_CTY_clarithromycin,0.231647
4UTO_A,5igj_C_CTY_clarithromycin,0.966778
4UTP_A,5igj_C_CTY_clarithromycin,1.12709
4X36_A,5igj_C_CTY_clarithromycin,
4XE9_A,5igj_C_CTY_clarithromycin,0.768987
4XMA_A,5igj_C_CTY_clarithromycin,0.869328
4XOG_A,5igj_C_CTY_clarithromycin,0.492064
4XYX_A,5igj_C_CTY_clarithromycin,0.701928
4YW1_A,5igj_C_CTY_clarithromycin,
4YZ1_A,5igj_C_CTY_clarithromycin,0.666382
4ZGH_A,5igj_C_CTY_clarithromycin,
4ZMR_A,5igj_C_CTY_clarithromycin,0.496965
5AOD_A,5igj_C_CTY_clarithromycin,0
5AOE_A,5igj_C_CTY_clarithromycin,
5AOF_A,5igj_C_CTY_clarithromycin,0.647385
5CR6_D,5igj_C_CTY_clarithromycin,0.464201
5CR8_A,5igj_C_CTY_clarithromycin,-0.0455466
5CTV_A,5igj_C_CTY_clarithromycin,0.0724405
5J5P_A,5igj_C_CTY_clarithromycin,1.03376
5KKY_A,5igj_C_CTY_clarithromycin,0.545923
5LY6_B,5igj_C_CTY_clarithromycin,-1.3984
5WI5_A,5igj_C_CTY_clarithromycin,0.331361
5XU0_A,5igj_C_CTY_clarithromycin,
5XU1_A,5igj_C_CTY_clarithromycin,0.984995
5XU1_M,5igj_C_CTY_clarithromycin,0.563126
5YIG_A,5igj_C_CTY_clarithromycin,0.0869913
6EB7_A,5igj_C_CTY_clarithromycin,0.317801
6FMG_A,5igj_C_CTY_clarithromycin,0.576842
6HE6_A,5igj_C_CTY_clarithromycin,-0.330667
6HFX_A,5igj_C_CTY_clarithromycin,0.643584
6JMP_A,5igj_C_CTY_clarithromycin,
6JYX_A,5igj_C_CTY_clarithromycin,0.768518
6MK7_A,5igj_C_CTY_clarithromycin,-0.641999
6PON_A,5igj_C_CTY_clarithromycin,1.12139
6PQL_A,5igj_C_CTY_clarithromycin,1.22137
6Z4W_A,5igj_C_CTY_clarithromycin,0.157635
6Z63_A,5igj_C_CTY_clarithromycin,
7A54_A,5igj_C_CTY_clarithromycin,0.161988
7JJ8_A,5igj_C_CTY_clarithromycin,
7JJ9_A,5igj_C_CTY_clarithromycin,0.550668
7JJA_A,5igj_C_CTY_clarithromycin,0.911074
7PL2_A,5igj_C_CTY_clarithromycin,0.260683
7T2A_C,5igj_C_CTY_clarithromycin,
8HF4_A,5igj_C_CTY_clarithromycin,0.80517
8HF6_A,5igj_C_CTY_clarithromycin,
AF-A0A0B7KV51-F1-model_v6,5igj_C_CTY_clarithromycin,0.900907
AF-A0A0B7KZH3-F1-model_v6,5igj_C_CTY_clarithromycin,0.684306
AF-A0A0B7L047-F1-model_v6,5igj_C_CTY_clarithromycin,
AF-A0A0B7L2C4-F1-model_v6,5igj_C_CTY_clarithromycin,0.384492
AF-A0A0B7LC21-F1-model_v6,5igj_C_CTY_clarithromycin,0.210164
AF-A0A0B7LCH0-F1-model_v6,5igj_C_CTY_clarithromycin,
AF-A0A0B7LIE2-F1-model_v6,5igj_C_CTY_clarithromycin,0.48561
AF-A0A0E8ZM54-F1-model_v6,5igj_C_CTY_clarithromycin,0.641147
AF-A0A0H2UN20-F1-model_v6,5igj_C_CTY_clarithromycin,0.594922
AF-A0A0H2UND3-F1-model_v6,5igj_C_CTY_clarithromycin,
AF-A0A0H2UNX8-F1-model_v6,5igj_C_CTY_clarithromycin,0.618447
AF-A0A0H2ZM30-F1-model_v6,5igj_C_CTY_clarithromycin,0.577533
AF-A0A0H2ZNX2-F1-model_v6,5igj_C_CTY_clarithromycin,0.564755
AF-A0A0T8G4V9-F1-model_v6,5igj_C_CTY_clarithromycin,0.482886
AF-A0A1H1R4D7-F1-model_v6,5igj_C_CTY_clarithromycin,0.618107
AF-A0A237JKZ5-F1-model_v6,5igj_C_CTY_clarithromycin,
AF-A0A2X3V8L4-F1-model_v6,5igj_C_CTY_clarithromycin,0.110937
AF-A0A3A4S4J8-F1-model_v6,5igj_C_CTY_clarithromycin,
AF-A0A3R9M168-F1-model_v6,5igj_C_CTY_clarithromycin,0.348053
AF-A0A4J1UGG0-F1-model_v6,5igj_C_CTY_clarithromycin,-0.418662
AF-A0A4J1UII4-F1-model_v6,5igj_C_CTY_clarithromycin,0.183358
AF-A0A4J1VGK4-F1-model_v6,5igj_C_CTY_clarithromycin,0.151956
AF-A0A4J1VSB1-F1-model_v6,5igj_C_CTY_clarithromycin,0.439986
AF-A0A4J1VZA0-F1-model_v6,5igj_C_CTY_clarithromycin,0.880598
AF-A0A4J1WF80-F1-model_v6,5igj_C_CTY_clarithromycin,0.725401
AF-A0A4J1WRN7-F1-model_v6,5igj_C_CTY_clarithromycin,-0.281104
AF-A0A4J1WWI9-F1-model_v6,5igj_C_CTY_clarithromycin,
AF-A0A4J1WXG5-F1-model_v6,5igj_C_CTY_clarithromycin,0.901376
AF-A0A4L7JIJ9-F1-model_v6,5igj_C_CTY_clarithromycin,0.156345
AF-A0A4L7JNS5-F1-model_v6,5igj_C_CTY_clarithromycin,0.701677
AF-A0A4R3L5A4-F1-model_v6,5igj_C_CTY_clarithromycin,-1.0594
AF-A0A6I3UCE5-F1-model_v6,5igj_C_CTY_clarithromycin,
AF-A0A916L5M1-F1-model_v6,5igj_C_CTY_clarithromycin,-0.656725
AF-A0AA89KWM9-F1-model_v6,5igj_C_CTY_clarithromycin,-0.182408
AF-A0AAE6YR42-F1-model_v6,5igj_C_CTY_clarithromycin,0.582279
AF-A0AAI9A065-F1-model_v6,5igj_C_CTY_clarithromycin,0.575816
AF-A0AAJ5P3Y6-F1-model_v6,5igj_C_CTY_clarithromycin,0.617871
AF-A0AAJ5P5J3-F1-model_v6,5igj_C_CTY_clarithromycin,0.582956
AF-A0AAW5WQ32-F1-model_v6,5igj_C_CTY_clarithromycin,0.672831
AF-A0AAW6XTF7-F1-model_v6,5igj_C_CTY_clarithromycin,0.760696
AF-B2ISJ9-F1-model_v6,5igj_C_CTY_clarithromycin,-0.858999
AF-C1C6U9-F1-model_v6,5igj_C_CTY_clarithromycin,0.846588
AF-C1C8J0-F1-model_v6,5igj_C_CTY_clarithromycin,0.71295
AF-C1C8P0-F1-model_v6,5igj_C_CTY_clarithromycin,-1.93692e-06
AF-C1CAB1-F1-model_v6,5igj_C_CTY_clarithromycin,0.739354
AF-C1CD75-F1-model_v6,5igj_C_CTY_clarithromycin,-0.0994468
AF-G3GGL5-F1-model_v6,5igj_C_CTY_clarithromycin,
AF-G3GGT8-F1-model_v6,5igj_C_CTY_clarithromycin,
1C82_A,5iwu_E_ERY_erythromycin,
1GVM_A,5iwu_E_ERY_erythromycin,1.28183
1H8G_A,5iwu_E_ERY_erythromycin,0.692955
1HCX_A,5iwu_E_ERY_erythromycin,0.526037
1IB8_A,5iwu_E_ERY_erythromycin,-0.565225
1LOH_A,5iwu_E_ERY_erythromycin,1.10229
1N7N_A,5iwu_E_ERY_erythromycin,1.01724
1N7O_A,5iwu_E_ERY_erythromycin,1.03067
1N7P_A,5iwu_E_ERY_erythromycin,1.0113
1N7Q_A,5iwu_E_ERY_erythromycin,
1N7R_A,5iwu_E_ERY_erythromycin,0.953929
1NXO_A,5iwu_E_ERY_erythromycin,0.125152
1NXT_A,5iwu_E_ERY_erythromycin,0.23608
1OJM_A,5iwu_E_ERY_erythromycin,1.08747
1OJN_A,5iwu_E_ERY_erythromycin,1.06456
1OJO_A,5iwu_E_ERY_erythromycin,1.01052
1OX0_A,5iwu_E_ERY_erythromycin,1.03225
1PMD_A,5iwu_E_ERY_erythromycin,1.21227
1PSZ_A,5iwu_E_ERY_erythromycin,0.917119
1PYY_A,5iwu_E_ERY_erythromycin,1.23205
1Q3T_A,5iwu_E_ERY_erythromycin,0.787756
1QME_A,5iwu_E_ERY_erythromycin,1.14441
1RP5_A,5iwu_E_ERY_erythromycin,0.867133
1WRA_A,5iwu_E_ERY_erythromycin,0.979461
2ALM_A,5iwu_E_ERY_erythromycin,0.79177
2BIB_A,5iwu_E_ERY_erythromycin,0.928669
2BML_A,5iwu_E_ERY_erythromycin,0.617798
2JKB_A,5iwu_E_ERY_erythromycin,1.02396
2L4O_A,5iwu_E_ERY_erythromycin,0.216814
2NOV_A,5iwu_E_ERY_erythromycin,0.876666
2RJT_A,5iwu_E_ERY_erythromycin,1.30252
2V04_A,5iwu_E_ERY_erythromycin,0.673063
2VEF_A,5iwu_E_ERY_erythromycin,0.670408
2VVZ_A,5iwu_E_ERY_erythromycin,1.00839
2VW0_A,5iwu_E_ERY_erythromycin,0.848783
2VYU_A,5iwu_E_ERY_erythromycin,0.784861
2W1J_A,5iwu_E_ERY_erythromycin,0.211925
2W1K_A,5iwu_E_ERY_erythromycin,1.25548
2W20_A,5iwu_E_ERY_erythromycin,1.1488
2WAD_A,5iwu_E_ERY_erythromycin,1.20734
2WAE_A,5iwu_E_ERY_erythromycin,1.05595
2WAF_A,5iwu_E_ERY_erythromycin,1.2682
2WJD_A,5iwu_E_ERY_erythromycin,0.712791
2WW8_A,5iwu_E_ERY_erythromycin,0.833187
2X9W_A,5iwu_E_ERY_erythromycin,0.477239
2X9Y_A,5iwu_E_ERY_erythromycin,0.647171
2X9Z_A,5iwu_E_ERY_erythromycin,0.56976
2XD2_A,5iwu_E_ERY_erythromycin,0.710302
2XXP_A,5iwu_E_ERY_erythromycin,0.811104
2XXQ_A,5iwu_E_ERY_erythromycin,0.944864
2Y1V_A,5iwu_E_ERY_erythromycin,1.07014
2YA4_A,5iwu_E_ERY_erythromycin,1.26812
2Z2L_A,5iwu_E_ERY_erythromycin,1.17701
2Z2L_B,5iwu_E_ERY_erythromycin,1.35239
2Z2L_C,5iwu_E_ERY_erythromycin,1.2567
2Z6I_A,5iwu_E_ERY_erythromycin,0.955217
2Z6J_A,5iwu_E_ERY_erythromycin,1.12021
3CX3_A,5iwu_E_ERY_erythromycin,0.987435
3H71_A,5iwu_E_ERY_erythromycin,0.840668
3H72_A,5iwu_E_ERY_erythromycin,0.900247
3HIA_A,5iwu_E_ERY_erythromycin,0.744402
3IX9_A,5iwu_E_ERY_erythromycin,0.688832
3QY8_A,5iwu_E_ERY_erythromycin,0.211201
3RPK_A,5iwu_E_ERY_erythromycin,0.864698
3S46_A,5iwu_E_ERY_erythromycin,
3ZH3_A,5iwu_E_ERY_erythromycin,0.966004
3ZH4_A,5iwu_E_ERY_erythromycin,1.06976
3ZK7_A,5iwu_E_ERY_erythromycin,1.01384
3ZK8_A,5iwu_E_ERY_erythromycin,1.10852
3ZK9_A,5iwu_E_ERY_erythromycin,
3ZPP_A,5iwu_E_ERY_erythromycin,0.618759
4CNL_A,5iwu_E_ERY_erythromycin,0.426404
4D0Q_A,5iwu_E_ERY_erythromycin,0.453749
4D0Y_A,5iwu_E_ERY_erythromycin,1.02311
4DE8_A,5iwu_E_ERY_erythromycin,1.09822
4HYE_A,5iwu_E_ERY_erythromycin,
4IVV_A,5iwu_E_ERY_erythromycin,0.758941
4IWT_A,5iwu_E_ERY_erythromycin,0.910922
4MR0_A,5iwu_E_ERY_erythromycin,0.693696
4OQ1_A,5iwu_E_ERY_erythromycin,1.00804
4QQA_A,5iwu_E_ERY_erythromycin,1.2977
4UTO_A,5iwu_E_ERY_erythromycin,
4UTP_A,5iwu_E_ERY_erythromycin,1.29679
4X36_A,5iwu_E_ERY_erythromycin,0.903147
4XE9_A,5iwu_E_ERY_erythromycin,0.980687
4XMA_A,5iwu_E_ERY_erythromycin,1.18633
4XOG_A,5iwu_E_ERY_erythromycin,1.09238
4XYX_A,5iwu_E_ERY_erythromycin,
4YW1_A,5iwu_E_ERY_erythromycin,1.08009
4YZ1_A,5iwu_E_ERY_erythromycin,0.966235
4ZGH_A,5iwu_E_ERY_erythromycin,0.904956
4ZMR_A,5iwu_E_ERY_erythromycin,0.743195
5AOD_A,5iwu_E_ERY_erythromycin,0.753141
5AOE_A,5iwu_E_ERY_erythromycin,1.05953
5AOF_A,5iwu_E_ERY_erythromycin,1.08193
5CR6_D,5iwu_E_ERY_erythromycin,1.14432
5CR8_A,5iwu_E_ERY_erythromycin,0.23087
5CTV_A,5iwu_E_ERY_erythromycin,0.740185
5J5P_A,5iwu_E_ERY_erythromycin,1.1334
5KKY_A,5iwu_E_ERY_erythromycin,0.93345
5LY6_B,5iwu_E_ERY_erythromycin,0.714654
5WI5_A,5iwu_E_ERY_erythromycin,1.20957
5XU0_A,5iwu_E_ERY_erythromycin,1.00557
5XU1_A,5iwu_E_ERY_erythromycin,1.02895
5XU1_M,5iwu_E_ERY_erythromycin,0.762094
5YIG_A,5iwu_E_ERY_erythromycin,0.526234
6EB7_A,5iwu_E_ERY_erythromycin,0.2824
6FMG_A,5iwu_E_ERY_erythromycin,0.959545
6HE6_A,5iwu_E_ERY_erythromycin,0.622005
6HFX_A,5iwu_E_ERY_erythromycin,0.75219
6JMP_A,5iwu_E_ERY_erythromycin,0.991829
6JYX_A,5iwu_E_ERY_erythromycin,1.21592
6MK7_A,5iwu_E_ERY_erythromycin,0.527811
6PON_A,5iwu_E_ERY_erythromycin,0.857798
6PQL_A,5iwu_E_ERY_erythromycin,1.24153
6Z4W_A,5iwu_E_ERY_erythromycin,0.292377
6Z63_A,5iwu_E_ERY_erythromycin,
7A54_A,5iwu_E_ERY_erythromycin,0.958183
7JJ8_A,5iwu_E_ERY_erythromycin,0.834112
7JJ9_A,5iwu_E_ERY_erythromycin,1.10977
7JJA_A,5iwu_E_ERY_erythromycin,1.03915
7PL2_A,5iwu_E_ERY_erythromycin,0.578922
7T2A_C,5iwu_E_ERY_erythromycin,1.05018
8HF4_A,5iwu_E_ERY_erythromycin,1.25376
8HF6_A,5iwu_E_ERY_erythromycin,0.927484
AF-A0A0B7KV51-F1-model_v6,5iwu_E_ERY_erythromycin,
AF-A0A0B7KZH3-F1-model_v6,5iwu_E_ERY_erythromycin,1.01647
AF-A0A0B7L047-F1-model_v6,5iwu_E_ERY_erythromycin,0.884841
AF-A0A0B7L2C4-F1-model_v6,5iwu_E_ERY_erythromycin,0.881058
AF-A0A0B7LC21-F1-model_v6,5iwu_E_ERY_erythromycin,
AF-A0A0B7LCH0-F1-model_v6,5iwu_E_ERY_erythromycin,-1.96078e-06
AF-A0A0B7LIE2-F1-model_v6,5iwu_E_ERY_erythromycin,1.17131
AF-A0A0E8ZM54-F1-model_v6,5iwu_E_ERY_erythromycin,1.11461
AF-A0A0H2UN20-F1-model_v6,5iwu_E_ERY_erythromycin,0.592085
AF-A0A0H2UND3-F1-model_v6,5iwu_E_ERY_erythromycin,0.281131
AF-A0A0H2UNX8-F1-model_v6,5iwu_E_ERY_erythromycin,0.514503
AF-A0A0H2ZM30-F1-model_v6,5iwu_E_ERY_erythromycin,0.301266
AF-A0A0H2ZNX2-F1-model_v6,5iwu_E_ERY_erythromycin,0.911529
AF-A0A0T8G4V9-F1-model_v6,5iwu_E_ERY_erythromycin,0.513379
AF-A0A1H1R4D7-F1-model_v6,5iwu_E_ERY_erythromycin,0.817076
AF-A0A237JKZ5-F1-model_v6,5iwu_E_ERY_erythromycin,0.620631
AF-A0A2X3V8L4-F1-model_v6,5iwu_E_ERY_erythromycin,0.244092
AF-A0A3A4S4J8-F1-model_v6,5iwu_E_ERY_erythromycin,0.886676
AF-A0A3R9M168-F1-model_v6,5iwu_E_ERY_erythromycin,0.404094
AF-A0A4J1UGG0-F1-model_v6,5iwu_E_ERY_erythromycin,0.92904
AF-A0A4J1UII4-F1-model_v6,5iwu_E_ERY_erythromycin,0.477842
AF-A0A4J1VGK4-F1-model_v6,5iwu_E_ERY_erythromycin,0.656339
AF-A0A4J1VSB1-F1-model_v6,5iwu_E_ERY_erythromycin,0.607165
AF-A0A4J1VZA0-F1-model_v6,5iwu_E_ERY_erythromycin,0.890162
AF-A0A4J1WF80-F1-model_v6,5iwu_E_ERY_erythromycin,1.30588
AF-A0A4J1WRN7-F1-model_v6,5iwu_E_ERY_erythromycin,-0.216838
AF-A0A4J1WWI9-F1-model_v6,5iwu_E_ERY_erythromycin,0.868045
AF-A0A4J1WXG5-F1-model_v6,5iwu_E_ERY_erythromycin,1.06456
AF-A0A4L7JIJ9-F1-model_v6,5iwu_E_ERY_erythromycin,0.456105
AF-A0A4L7JNS5-F1-model_v6,5iwu_E_ERY_erythromycin,0.993327
AF-A0A4R3L5A4-F1-model_v6,5iwu_E_ERY_erythromycin,0.186162
AF-A0A6I3UCE5-F1-model_v6,5iwu_E_ERY_erythromycin,0.953273
AF-A0A916L5M1-F1-model_v6,5iwu_E_ERY_erythromycin,0.448591
AF-A0AA89KWM9-F1-model_v6,5iwu_E_ERY_erythromycin,0.366171
AF-A0AAE6YR42-F1-model_v6,5iwu_E_ERY_erythromycin,0.837551
AF-A0AAI9A065-F1-model_v6,5iwu_E_ERY_erythromycin,0.697311
AF-A0AAJ5P3Y6-F1-model_v6,5iwu_E_ERY_erythromycin,
AF-A0AAJ5P5J3-F1-model_v6,5iwu_E_ERY_erythromycin,0.61436
AF-A0AAW5WQ32-F1-model_v6,5iwu_E_ERY_erythromycin,0.822834
AF-A0AAW6XTF7-F1-model_v6,5iwu_E_ERY_erythromycin,0.745425
AF-B2ISJ9-F1-model_v6,5iwu_E_ERY_erythromycin,0.701991
AF-C1C6U9-F1-model_v6,5iwu_E_ERY_erythromycin,0.998359
AF-C1C8J0-F1-model_v6,5iwu_E_ERY_erythromycin,0.780481
AF-C1C8P0-F1-model_v6,5iwu_E_ERY_erythromycin,1.96078e-06
AF-C1CAB1-F1-model_v6,5iwu_E_ERY_erythromycin,0.827866
AF-C1CD75-F1-model_v6,5iwu_E_ERY_erythromycin,0.00705288
AF-G3GGL5-F1-model_v6,5iwu_E_ERY_erythromycin,0.427241
AF-G3GGT8-F1-model_v6,5iwu_E_ERY_erythromycin,0.999878
1C82_A,5om2_D_DXT_doxycycline,0.963181
1GVM_A,5om2_D_DXT_doxycycline,0.919306
1H8G_A,5om2_D_DXT_doxycycline,-0.342532
1HCX_A,5om2_D_DXT_doxycycline,0.24291
1IB8_A,5om2_D_DXT_doxycycline,-1.37298
1LOH_A,5om2_D_DXT_doxycycline,0.881081
1N7N_A,5om2_D_DXT_doxycycline,0.700332
1N7O_A,5om2_D_DXT_doxycycline,1.00807
1N7P_A,5om2_D_DXT_doxycycline,0.695927
1N7Q_A,5om2_D_DXT_doxycycline,-0.0869001
1N7R_A,5om2_D_DXT_doxycycline,0.80172
1NXO_A,5om2_D_DXT_doxycycline,-0.410025
1NXT_A,5om2_D_DXT_doxycycline,0.313949
1OJM_A,5om2_D_DXT_doxycycline,1.03526
1OJN_A,5om2_D_DXT_doxycycline,0.59822
1OJO_A,5om2_D_DXT_doxycycline,1.0925
1OX0_A,5om2_D_DXT_doxycycline,-0.073787
1PMD_A,5om2_D_DXT_doxycycline,-0.307556
1PSZ_A,5om2_D_DXT_doxycycline,0.65535
1PYY_A,5om2_D_DXT_doxycycline,1.02745
1Q3T_A,5om2_D_DXT_doxycycline,0.901203
1QME_A,5om2_D_DXT_doxycycline,0.75191
1RP5_A,5om2_D_DXT_doxycycline,1.23983
1WRA_A,5om2_D_DXT_doxycycline,0.502728
2ALM_A,5om2_D_DXT_doxycycline,-0.464498
2BIB_A,5om2_D_DXT_doxycycline,0.962096
2BML_A,5om2_D_DXT_doxycycline,0.270728
2JKB_A,5om2_D_DXT_doxycycline,1.01464
2L4O_A,5om2_D_DXT_doxycycline,-0.170913
2NOV_A,5om2_D_DXT_doxycycline,0.976124
2RJT_A,5om2_D_DXT_doxycycline,1.07406
2V04_A,5om2_D_DXT_doxycycline,0.559291
2VEF_A,5om2_D_DXT_doxycycline,0.401634
2VVZ_A,5om2_D_DXT_doxycycline,0.920774
2VW0_A,5om2_D_DXT_doxycycline,0.033277
2VYU_A,5om2_D_DXT_doxycycline,0.629331
2W1J_A,5om2_D_DXT_doxycycline,0.645778
2W1K_A,5om2_D_DXT_doxycycline,-0.0165326
2W20_A,5om2_D_DXT_doxycycline,0.796598
2WAD_A,5om2_D_DXT_doxycycline,1.27751
2WAE_A,5om2_D_DXT_doxycycline,0.492951
2WAF_A,5om2_D_DXT_doxycycline,0.694578
2WJD_A,5om2_D_DXT_doxycycline,0.365338
2WW8_A,5om2_D_DXT_doxycycline,0.758745
2X9W_A,5om2_D_DXT_doxycycline,0.237789
2X9Y_A,5om2_D_DXT_doxycycline,0.700018
2X9Z_A,5om2_D_DXT_doxycycline,0.634606
2XD2_A,5om2_D_DXT_doxycycline,0.698454
2XXP_A,5om2_D_DXT_doxycycline,0.470034
2XXQ_A,5om2_D_DXT_doxycycline,0.507565
2Y1V_A,5om2_D_DXT_doxycycline,1.24125
2YA4_A,5om2_D_DXT_doxycycline,1.07309
2Z2L_A,5om2_D_DXT_doxycycline,0.709711
2Z2L_B,5om2_D_DXT_doxycycline,0.609103
2Z2L_C,5om2_D_DXT_doxycycline,1.12863
2Z6I_A,5om2_D_DXT_doxycycline,0.648196
2Z6J_A,5om2_D_DXT_doxycycline,1.49805
3CX3_A,5om2_D_DXT_doxycycline,0.413213
3H71_A,5om2_D_DXT_doxycycline,0.770881
3H72_A,5om2_D_DXT_doxycycline,0.839855
3HIA_A,5om2_D_DXT_doxycycline,1.18011
3IX9_A,5om2_D_DXT_doxycycline,0.260123
3QY8_A,5om2_D_DXT_doxycycline,0.546906
3RPK_A,5om2_D_DXT_doxycycline,1.06421
3S46_A,5om2_D_DXT_doxycycline,-0.584801
3ZH3_A,5om2_D_DXT_doxycycline,0.257261
3ZH4_A,5om2_D_DXT_doxycycline,0.305448
3ZK7_A,5om2_D_DXT_doxycycline,0.91806
3ZK8_A,5om2_D_DXT_doxycycline,-0.540305
3ZK9_A,5om2_D_DXT_doxycycline,0.641105
3ZPP_A,5om2_D_DXT_doxycycline,0.600337
4CNL_A,5om2_D_DXT_doxycycline,0.760122
4D0Q_A,5om2_D_DXT_doxycycline,0.760369
4D0Y_A,5om2_D_DXT_doxycycline,0.794219
4DE8_A,5om2_D_DXT_doxycycline,0.829919
4HYE_A,5om2_D_DXT_doxycycline,-0.0241297
4IVV_A,5om2_D_DXT_doxycycline,0.58943
4IWT_A,5om2_D_DXT_doxycycline,0.975253
4MR0_A,5om2_D_DXT_doxycycline,0.500851
4OQ1_A,5om2_D_DXT_doxycycline,0.602809
4QQA_A,5om2_D_DXT_doxycycline,0.786787
4UTO_A,5om2_D_DXT_doxycycline,0.830536
4UTP_A,5om2_D_DXT_doxycycline,0.937035
4X36_A,5om2_D_DXT_doxycycline,0.817581
4XE9_A,5om2_D_DXT_doxycycline,0.865888
4XMA_A,5om2_D_DXT_doxycycline,0.703027
4XOG_A,5om2_D_DXT_doxycycline,0.243574
4XYX_A,5om2_D_DXT_doxycycline,0.956336
4YW1_A,5om2_D_DXT_doxycycline,0.456024
4YZ1_A,5om2_D_DXT_doxycycline,0.718195
4ZGH_A,5om2_D_DXT_doxycycline,0.511439
4ZMR_A,5om2_D_DXT_doxycycline,0.536827
5AOD_A,5om2_D_DXT_doxycycline,0.411034
5AOE_A,5om2_D_DXT_doxycycline,0.138941
5AOF_A,5om2_D_DXT_doxycycline,0.426614
5CR6_D,5om2_D_DXT_doxycycline,0.31952
5CR8_A,5om2_D_DXT_doxycycline,0.660243
5CTV_A,5om2_D_DXT_doxycycline,0.525935
5J5P_A,5om2_D_DXT_doxycycline,0.867865
5KKY_A,5om2_D_DXT_doxycycline,1.00322
5LY6_B,5om2_D_DXT_doxycycline,-0.90912
5WI5_A,5om2_D_DXT_doxycycline,0.193529
5XU0_A,5om2_D_DXT_doxycycline,1.11688
5XU1_A,5om2_D_DXT_doxycycline,0.887014
5XU1_M,5om2_D_DXT_doxycycline,0.604991
5YIG_A,5om2_D_DXT_doxycycline,0.0554927
6EB7_A,5om2_D_DXT_doxycycline,-0.181631
6FMG_A,5om2_D_DXT_doxycycline,0.434374
6HE6_A,5om2_D_DXT_doxycycline,-0.276735
6HFX_A,5om2_D_DXT_doxycycline,0.686529
6JMP_A,5om2_D_DXT_doxycycline,0.701597
6JYX_A,5om2_D_DXT_doxycycline,0.924738
6MK7_A,5om2_D_DXT_doxycycline,-0.462882
6PON_A,5om2_D_DXT_doxycycline,0.49021
6PQL_A,5om2_D_DXT_doxycycline,0.67595
6Z4W_A,5om2_D_DXT_doxycycline,1.04967
6Z63_A,5om2_D_DXT_doxycycline,1.0238
7A54_A,5om2_D_DXT_doxycycline,0.92688
7JJ8_A,5om2_D_DXT_doxycycline,0.734533
7JJ9_A,5om2_D_DXT_doxycycline,0.935023
7JJA_A,5om2_D_DXT_doxycycline,-0.118295
7PL2_A,5om2_D_DXT_doxycycline,0.0978323
7T2A_C,5om2_D_DXT_doxycycline,-0.202251
8HF4_A,5om2_D_DXT_doxycycline,0
8HF6_A,5om2_D_DXT_doxycycline,1.27966
AF-A0A0B7KV51-F1-model_v6,5om2_D_DXT_doxycycline,0.895244
AF-A0A0B7KZH3-F1-model_v6,5om2_D_DXT_doxycycline,0.854914
AF-A0A0B7L047-F1-model_v6,5om2_D_DXT_doxycycline,0.0209598
AF-A0A0B7L2C4-F1-model_v6,5om2_D_DXT_doxycycline,0.54048
AF-A0A0B7LC21-F1-model_v6,5om2_D_DXT_doxycycline,0.0346604
AF-A0A0B7LCH0-F1-model_v6,5om2_D_DXT_doxycycline,6.25e-06
AF-A0A0B7LIE2-F1-model_v6,5om2_D_DXT_doxycycline,1.18874
AF-A0A0E8ZM54-F1-model_v6,5om2_D_DXT_doxycycline,0.196174
AF-A0A0H2UN20-F1-model_v6,5om2_D_DXT_doxycycline,0.423369
AF-A0A0H2UND3-F1-model_v6,5om2_D_DXT_doxycycline,0.596559
AF-A0A0H2UNX8-F1-model_v6,5om2_D_DXT_doxycycline,0.239042
AF-A0A0H2ZM30-F1-model_v6,5om2_D_DXT_doxycycline,0.707448
AF-A0A0H2ZNX2-F1-model_v6,5om2_D_DXT_doxycycline,0.406202
AF-A0A0T8G4V9-F1-model_v6,5om2_D_DXT_doxycycline,0.181974
AF-A0A1H1R4D7-F1-model_v6,5om2_D_DXT_doxycycline,0.625118
AF-A0A237JKZ5-F1-model_v6,5om2_D_DXT_doxycycline,0.899804
AF-A0A2X3V8L4-F1-model_v6,5om2_D_DXT_doxycycline,0.869541
AF-A0A3A4S4J8-F1-model_v6,5om2_D_DXT_doxycycline,0.956332
AF-A0A3R9M168-F1-model_v6,5om2_D_DXT_doxycycline,0.42731
AF-A0A4J1UGG0-F1-model_v6,5om2_D_DXT_doxycycline,0.706665
AF-A0A4J1UII4-F1-model_v6,5om2_D_DXT_doxycycline,
AF-A0A4J1VGK4-F1-model_v6,5om2_D_DXT_doxycycline,0.00712839
AF-A0A4J1VSB1-F1-model_v6,5om2_D_DXT_doxycycline,-0.171598
AF-A0A4J1VZA0-F1-model_v6,5om2_D_DXT_doxycycline,0.581823
AF-A0A4J1WF80-F1-model_v6,5om2_D_DXT_doxycycline,1.0678
AF-A0A4J1WRN7-F1-model_v6,5om2_D_DXT_doxycycline,0.333085
AF-A0A4J1WWI9-F1-model_v6,5om2_D_DXT_doxycycline,-0.442064
AF-A0A4J1WXG5-F1-model_v6,5om2_D_DXT_doxycycline,0.939631
AF-A0A4L7JIJ9-F1-model_v6,5om2_D_DXT_doxycycline,-0.00110819
AF-A0A4L7JNS5-F1-model_v6,5om2_D_DXT_doxycycline,0.852477
AF-A0A4R3L5A4-F1-model_v6,5om2_D_DXT_doxycycline,0.145556
AF-A0A6I3UCE5-F1-model_v6,5om2_D_DXT_doxycycline,0.807415
AF-A0A916L5M1-F1-model_v6,5om2_D_DXT_doxycycline,-1.17188
AF-A0AA89KWM9-F1-model_v6,5om2_D_DXT_doxycycline,0.564429
AF-A0AAE6YR42-F1-model_v6,5om2_D_DXT_doxycycline,0.55189
AF-A0AAI9A065-F1-model_v6,5om2_D_DXT_doxycycline,0.838389
AF-A0AAJ5P3Y6-F1-model_v6,5om2_D_DXT_doxycycline,0.835675
AF-A0AAJ5P5J3-F1-model_v6,5om2_D_DXT_doxycycline,0.206826
AF-A0AAW5WQ32-F1-model_v6,5om2_D_DXT_doxycycline,0.679023
AF-A0AAW6XTF7-F1-model_v6,5om2_D_DXT_doxycycline,1.34504
AF-B2ISJ9-F1-model_v6,5om2_D_DXT_doxycycline,0.430541
AF-C1C6U9-F1-model_v6,5om2_D_DXT_doxycycline,0.984962
AF-C1C8J0-F1-model_v6,5om2_D_DXT_doxycycline,0.638069
AF-C1C8P0-F1-model_v6,5om2_D_DXT_doxycycline,3.125e-06
AF-C1CAB1-F1-model_v6,5om2_D_DXT_doxycycline,0.66679
AF-C1CD75-F1-model_v6,5om2_D_DXT_doxycycline,-0.285428
AF-G3GGL5-F1-model_v6,5om2_D_DXT_doxycycline,-0.102154
AF-G3GGT8-F1-model_v6,5om2_D_DXT_doxycycline,0.692583
1C82_A,9u9c_I_A1EOR_amoxicillin,1.20222
1GVM_A,9u9c_I_A1EOR_amoxicillin,1.26239
1H8G_A,9u9c_I_A1EOR_amoxicillin,1.62387
1HCX_A,9u9c_I_A1EOR_amoxicillin,0.727376
1IB8_A,9u9c_I_A1EOR_amoxicillin,-0.16127
1LOH_A,9u9c_I_A1EOR_amoxicillin,-0.639415
1N7N_A,9u9c_I_A1EOR_amoxicillin,0.58524
1N7O_A,9u9c_I_A1EOR_amoxicillin,0.799096
1N7P_A,9u9c_I_A1EOR_amoxicillin,0.963707
1N7Q_A,9u9c_I_A1EOR_amoxicillin,0.868004
1N7R_A,9u9c_I_A1EOR_amoxicillin,0.842403
1NXO_A,9u9c_I_A1EOR_amoxicillin,-0.198778
1NXT_A,9u9c_I_A1EOR_amoxicillin,-0.0376719
1OJM_A,9u9c_I_A1EOR_amoxicillin,0.993806
1OJN_A,9u9c_I_A1EOR_amoxicillin,0.863894
1OJO_A,9u9c_I_A1EOR_amoxicillin,0.636452
1OX0_A,9u9c_I_A1EOR_amoxicillin,0.345868
1PMD_A,9u9c_I_A1EOR_amoxicillin,1.53374
1PSZ_A,9u9c_I_A1EOR_amoxicillin,0.561215
1PYY_A,9u9c_I_A1EOR_amoxicillin,0.967385
1Q3T_A,9u9c_I_A1EOR_amoxicillin,0.543817
1QME_A,9u9c_I_A1EOR_amoxicillin,1.46749
1RP5_A,9u9c_I_A1EOR_amoxicillin,1.43963
1WRA_A,9u9c_I_A1EOR_amoxicillin,1.08033
2ALM_A,9u9c_I_A1EOR_amoxicillin,1.30675
2BIB_A,9u9c_I_A1EOR_amoxicillin,1.34956
2BML_A,9u9c_I_A1EOR_amoxicillin,0.397206
2JKB_A,9u9c_I_A1EOR_amoxicillin,1.25193
2L4O_A,9u9c_I_A1EOR_amoxicillin,0.520139
2NOV_A,9u9c_I_A1EOR_amoxicillin,1.29177
2RJT_A,9u9c_I_A1EOR_amoxicillin,1.41802
2V04_A,9u9c_I_A1EOR_amoxicillin,0.0182581
2VEF_A,9u9c_I_A1EOR_amoxicillin,0.893751
2VVZ_A,9u9c_I_A1EOR_amoxicillin,1.02291
2VW0_A,9u9c_I_A1EOR_amoxicillin,1.40043
2VYU_A,9u9c_I_A1EOR_amoxicillin,1.05914
2W1J_A,9u9c_I_A1EOR_amoxicillin,0.564522
2W1K_A,9u9c_I_A1EOR_amoxicillin,0.428612
2W20_A,9u9c_I_A1EOR_amoxicillin,0.672056
2WAD_A,9u9c_I_A1EOR_amoxicillin,1.58381
2WAE_A,9u9c_I_A1EOR_amoxicillin,1.24023
2WAF_A,9u9c_I_A1EOR_amoxicillin,1.17011
2WJD_A,9u9c_I_A1EOR_amoxicillin,0.622133
2WW8_A,9u9c_I_A1EOR_amoxicillin,1.40865
2X9W_A,9u9c_I_A1EOR_amoxicillin,0.614329
2X9Y_A,9u9c_I_A1EOR_amoxicillin,0.962845
2X9Z_A,9u9c_I_A1EOR_amoxicillin,0.950976
2XD2_A,9u9c_I_A1EOR_amoxicillin,0.616517
2XXP_A,9u9c_I_A1EOR_amoxicillin,0.341579
2XXQ_A,9u9c_I_A1EOR_amoxicillin,0.972861
2Y1V_A,9u9c_I_A1EOR_amoxicillin,1.59803
2YA4_A,9u9c_I_A1EOR_amoxicillin,0.735383
2Z2L_A,9u9c_I_A1EOR_amoxicillin,0.653915
2Z2L_B,9u9c_I_A1EOR_amoxicillin,1.57231
2Z2L_C,9u9c_I_A1EOR_amoxicillin,1.72878
2Z6I_A,9u9c_I_A1EOR_amoxicillin,1.89991
2Z6J_A,9u9c_I_A1EOR_amoxicillin,
3CX3_A,9u9c_I_A1EOR_amoxicillin,0.817247
3H71_A,9u9c_I_A1EOR_amoxicillin,1.37193
3H72_A,9u9c_I_A1EOR_amoxicillin,1.60447
3HIA_A,9u9c_I_A1EOR_amoxicillin,1.31205
3IX9_A,9u9c_I_A1EOR_amoxicillin,0.589426
3QY8_A,9u9c_I_A1EOR_amoxicillin,0.230436
3RPK_A,9u9c_I_A1EOR_amoxicillin,0.344969
3S46_A,9u9c_I_A1EOR_amoxicillin,1.47434
3ZH3_A,9u9c_I_A1EOR_amoxicillin,0.63312
3ZH4_A,9u9c_I_A1EOR_amoxicillin,0.155205
3ZK7_A,9u9c_I_A1EOR_amoxicillin,1.09512
3ZK8_A,9u9c_I_A1EOR_amoxicillin,0.830691
3ZK9_A,9u9c_I_A1EOR_amoxicillin,1.12674
3ZPP_A,9u9c_I_A1EOR_amoxicillin,0.921444
4CNL_A,9u9c_I_A1EOR_amoxicillin,0.650496
4D0Q_A,9u9c_I_A1EOR_amoxicillin,0.902376
4D0Y_A,9u9c_I_A1EOR_amoxicillin,1.11334
4DE8_A,9u9c_I_A1EOR_amoxicillin,1.04068
4HYE_A,9u9c_I_A1EOR_amoxicillin,
4IVV_A,9u9c_I_A1EOR_amoxicillin,0.829051
4IWT_A,9u9c_I_A1EOR_amoxicillin,0.822486
4MR0_A,9u9c_I_A1EOR_amoxicillin,1.12641
4OQ1_A,9u9c_I_A1EOR_amoxicillin,1.09042
4QQA_A,9u9c_I_A1EOR_amoxicillin,1.63233
4UTO_A,9u9c_I_A1EOR_amoxicillin,0.390121
4UTP_A,9u9c_I_A1EOR_amoxicillin,1.43103
4X36_A,9u9c_I_A1EOR_amoxicillin,1.25513
4XE9_A,9u9c_I_A1EOR_amoxicillin,1.55688
4XMA_A,9u9c_I_A1EOR_amoxicillin,1.55355
4XOG_A,9u9c_I_A1EOR_amoxicillin,1.53362
4XYX_A,9u9c_I_A1EOR_amoxicillin,1.52067
4YW1_A,9u9c_I_A1EOR_amoxicillin,1.40692
4YZ1_A,9u9c_I_A1EOR_amoxicillin,1.13366
4ZGH_A,9u9c_I_A1EOR_amoxicillin,1.28673
4ZMR_A,9u9c_I_A1EOR_amoxicillin,0.459737
5AOD_A,9u9c_I_A1EOR_amoxicillin,1.51154
5AOE_A,9u9c_I_A1EOR_amoxicillin,1.43029
5AOF_A,9u9c_I_A1EOR_amoxicillin,1.73782
5CR6_D,9u9c_I_A1EOR_amoxicillin,1.6236
5CR8_A,9u9c_I_A1EOR_amoxicillin,-0.111007
5CTV_A,9u9c_I_A1EOR_amoxicillin,0.854177
5J5P_A,9u9c_I_A1EOR_amoxicillin,1.46546
5KKY_A,9u9c_I_A1EOR_amoxicillin,1.41649
5LY6_B,9u9c_I_A1EOR_amoxicillin,1.12267
5WI5_A,9u9c_I_A1EOR_amoxicillin,1.31146
5XU0_A,9u9c_I_A1EOR_amoxicillin,0.966366
5XU1_A,9u9c_I_A1EOR_amoxicillin,0.753274
5XU1_M,9u9c_I_A1EOR_amoxicillin,1.06678
5YIG_A,9u9c_I_A1EOR_amoxicillin,1.25937
6EB7_A,9u9c_I_A1EOR_amoxicillin,0.0928483
6FMG_A,9u9c_I_A1EOR_amoxicillin,1.14402
6HE6_A,9u9c_I_A1EOR_amoxicillin,0.0919367
6HFX_A,9u9c_I_A1EOR_amoxicillin,0.880007
6JMP_A,9u9c_I_A1EOR_amoxicillin,1.8241
6JYX_A,9u9c_I_A1EOR_amoxicillin,1.48824
6MK7_A,9u9c_I_A1EOR_amoxicillin,0.876992
6PON_A,9u9c_I_A1EOR_amoxicillin,0.512733
6PQL_A,9u9c_I_A1EOR_amoxicillin,1.4323
6Z4W_A,9u9c_I_A1EOR_amoxicillin,0.911591
6Z63_A,9u9c_I_A1EOR_amoxicillin,1.59999
7A54_A,9u9c_I_A1EOR_amoxicillin,1.55478
7JJ8_A,9u9c_I_A1EOR_amoxicillin,1.04222
7JJ9_A,9u9c_I_A1EOR_amoxicillin,0.965091
7JJA_A,9u9c_I_A1EOR_amoxicillin,1.12344
7PL2_A,9u9c_I_A1EOR_amoxicillin,0.630827
7T2A_C,9u9c_I_A1EOR_amoxicillin,1.41921
8HF4_A,9u9c_I_A1EOR_amoxicillin,1.11642
8HF6_A,9u9c_I_A1EOR_amoxicillin,1.00109
AF-A0A0B7KV51-F1-model_v6,9u9c_I_A1EOR_amoxicillin,1.43797
AF-A0A0B7KZH3-F1-model_v6,9u9c_I_A1EOR_amoxicillin,1.18723
AF-A0A0B7L047-F1-model_v6,9u9c_I_A1EOR_amoxicillin,0.634236
AF-A0A0B7L2C4-F1-model_v6,9u9c_I_A1EOR_amoxicillin,-0.096903
AF-A0A0B7LC21-F1-model_v6,9u9c_I_A1EOR_amoxicillin,0.672426
AF-A0A0B7LCH0-F1-model_v6,9u9c_I_A1EOR_amoxicillin,-2.76923e-08
AF-A0A0B7LIE2-F1-model_v6,9u9c_I_A1EOR_amoxicillin,1.45146
AF-A0A0E8ZM54-F1-model_v6,9u9c_I_A1EOR_amoxicillin,0.643798
AF-A0A0H2UN20-F1-model_v6,9u9c_I_A1EOR_amoxicillin,0.197864
AF-A0A0H2UND3-F1-model_v6,9u9c_I_A1EOR_amoxicillin,0.132832
AF-A0A0H2UNX8-F1-model_v6,9u9c_I_A1EOR_amoxicillin,0.993947
AF-A0A0H2ZM30-F1-model_v6,9u9c_I_A1EOR_amoxicillin,0.811191
AF-A0A0H2ZNX2-F1-model_v6,9u9c_I_A1EOR_amoxicillin,1.77216
AF-A0A0T8G4V9-F1-model_v6,9u9c_I_A1EOR_amoxicillin,1.18886
AF-A0A1H1R4D7-F1-model_v6,9u9c_I_A1EOR_amoxicillin,1.09154
AF-A0A237JKZ5-F1-model_v6,9u9c_I_A1EOR_amoxicillin,0.703634
AF-A0A2X3V8L4-F1-model_v6,9u9c_I_A1EOR_amoxicillin,0.634191
AF-A0A3A4S4J8-F1-model_v6,9u9c_I_A1EOR_amoxicillin,1.4082
AF-A0A3R9M168-F1-model_v6,9u9c_I_A1EOR_amoxicillin,0.567737
AF-A0A4J1UGG0-F1-model_v6,9u9c_I_A1EOR_amoxicillin,0.75368
AF-A0A4J1UII4-F1-model_v6,9u9c_I_A1EOR_amoxicillin,0.905709
AF-A0A4J1VGK4-F1-model_v6,9u9c_I_A1EOR_amoxicillin,-0.192677
AF-A0A4J1VSB1-F1-model_v6,9u9c_I_A1EOR_amoxicillin,0.861956
AF-A0A4J1VZA0-F1-model_v6,9u9c_I_A1EOR_amoxicillin,1.25253
AF-A0A4J1WF80-F1-model_v6,9u9c_I_A1EOR_amoxicillin,1.40055
AF-A0A4J1WRN7-F1-model_v6,9u9c_I_A1EOR_amoxicillin,1.45671
AF-A0A4J1WWI9-F1-model_v6,9u9c_I_A1EOR_amoxicillin,1.03842
AF-A0A4J1WXG5-F1-model_v6,9u9c_I_A1EOR_amoxicillin,0.536473
AF-A0A4L7JIJ9-F1-model_v6,9u9c_I_A1EOR_amoxicillin,1.11601
AF-A0A4L7JNS5-F1-model_v6,9u9c_I_A1EOR_amoxicillin,0.627408
AF-A0A4R3L5A4-F1-model_v6,9u9c_I_A1EOR_amoxicillin,-0.0922133
AF-A0A6I3UCE5-F1-model_v6,9u9c_I_A1EOR_amoxicillin,0.8292
AF-A0A916L5M1-F1-model_v6,9u9c_I_A1EOR_amoxicillin,-0.0479606
AF-A0AA89KWM9-F1-model_v6,9u9c_I_A1EOR_amoxicillin,-0.946191
AF-A0AAE6YR42-F1-model_v6,9u9c_I_A1EOR_amoxicillin,0.399443
AF-A0AAI9A065-F1-model_v6,9u9c_I_A1EOR_amoxicillin,0.695291
AF-A0AAJ5P3Y6-F1-model_v6,9u9c_I_A1EOR_amoxicillin,0.636422
AF-A0AAJ5P5J3-F1-model_v6,9u9c_I_A1EOR_amoxicillin,0.950555
AF-A0AAW5WQ32-F1-model_v6,9u9c_I_A1EOR_amoxicillin,0.608169
AF-A0AAW6XTF7-F1-model_v6,9u9c_I_A1EOR_amoxicillin,1.31825
AF-B2ISJ9-F1-model_v6,9u9c_I_A1EOR_amoxicillin,1.07517
AF-C1C6U9-F1-model_v6,9u9c_I_A1EOR_amoxicillin,0.664158
AF-C1C8J0-F1-model_v6,9u9c_I_A1EOR_amoxicillin,1.36583
AF-C1C8P0-F1-model_v6,9u9c_I_A1EOR_amoxicillin,-2.38442e-14
AF-C1CAB1-F1-model_v6,9u9c_I_A1EOR_amoxicillin,0.980165
AF-C1CD75-F1-model_v6,9u9c_I_A1EOR_amoxicillin,1.44859
AF-G3GGL5-F1-model_v6,9u9c_I_A1EOR_amoxicillin,0.944836
AF-G3GGT8-F1-model_v6,9u9c_I_A1EOR_amoxicillin,0.830088
1C82_A,Vancomycin,0.697871
1GVM_A,Vancomycin,
1H8G_A,Vancomycin,
1HCX_A,Vancomycin,
1IB8_A,Vancomycin,
1LOH_A,Vancomycin,
1N7N_A,Vancomycin,0.777226
1N7O_A,Vancomycin,0.663261
1N7P_A,Vancomycin,0.828641
1N7Q_A,Vancomycin,0.8525
1N7R_A,Vancomycin,0.185952
1NXO_A,Vancomycin,
1NXT_A,Vancomycin,
1OJM_A,Vancomycin,0.676142
1OJN_A,Vancomycin,0.72534
1OJO_A,Vancomycin,0.624071
1OX0_A,Vancomycin,0.24228
1PMD_A,Vancomycin,0.527355
1PSZ_A,Vancomycin,0.271571
1PYY_A,Vancomycin,
1Q3T_A,Vancomycin,
1QME_A,Vancomycin,0.770787
1RP5_A,Vancomycin,0.435034
1WRA_A,Vancomycin,0.595091
2ALM_A,Vancomycin,0.511525
2BIB_A,Vancomycin,0.298251
2BML_A,Vancomycin,
2JKB_A,Vancomycin,0.559411
2L4O_A,Vancomycin,0.297378
2NOV_A,Vancomycin,0.496102
2RJT_A,Vancomycin,0
2V04_A,Vancomycin,0.312949
2VEF_A,Vancomycin,0.464213
2VVZ_A,Vancomycin,0.750778
2VW0_A,Vancomycin,0.387628
2VYU_A,Vancomycin,0.345235
2W1J_A,Vancomycin,0.406975
2W1K_A,Vancomycin,0.336402
2W20_A,Vancomycin,0.801522
2WAD_A,Vancomycin,
2WAE_A,Vancomycin,0.170369
2WAF_A,Vancomycin,0.42731
2WJD_A,Vancomycin,0.499542
2WW8_A,Vancomycin,0.621272
2X9W_A,Vancomycin,
2X9Y_A,Vancomycin,
2X9Z_A,Vancomycin,0.328451
2XD2_A,Vancomycin,
2XXP_A,Vancomycin,0.716494
2XXQ_A,Vancomycin,
2Y1V_A,Vancomycin,0.888296
2YA4_A,Vancomycin,0.853493
2Z2L_A,Vancomycin,0
2Z2L_B,Vancomycin,0.862198
2Z2L_C,Vancomycin,
2Z6I_A,Vancomycin,0.842041
2Z6J_A,Vancomycin,0.482281
3CX3_A,Vancomycin,0.420893
3H71_A,Vancomycin,
3H72_A,Vancomycin,0.386091
3HIA_A,Vancomycin,0.316875
3IX9_A,Vancomycin,0.181165
3QY8_A,Vancomycin,0.267374
3RPK_A,Vancomycin,0.83922
3S46_A,Vancomycin,
3ZH3_A,Vancomycin,0.400674
3ZH4_A,Vancomycin,
3ZK7_A,Vancomycin,0.513634
3ZK8_A,Vancomycin,0.874016
3ZK9_A,Vancomycin,0.66441
3ZPP_A,Vancomycin,0.116501
4CNL_A,Vancomycin,0.21648
4D0Q_A,Vancomycin,0.32571
4D0Y_A,Vancomycin,0.35
4DE8_A,Vancomycin,0.540428
4HYE_A,Vancomycin,0.196342
4IVV_A,Vancomycin,0.308586
4IWT_A,Vancomycin,0.802543
4MR0_A,Vancomycin,
4OQ1_A,Vancomycin,0.59612
4QQA_A,Vancomycin,0.398487
4UTO_A,Vancomycin,
4UTP_A,Vancomycin,0.597966
4X36_A,Vancomycin,0.546012
4XE9_A,Vancomycin,
4XMA_A,Vancomycin,
4XOG_A,Vancomycin,
4XYX_A,Vancomycin,0.388767
4YW1_A,Vancomycin,0.674454
4YZ1_A,Vancomycin,0.635195
4ZGH_A,Vancomycin,0.296513
4ZMR_A,Vancomycin,0.240434
5AOD_A,Vancomycin,0.371596
5AOE_A,Vancomycin,0.472737
5AOF_A,Vancomycin,0.559088
5CR6_D,Vancomycin,-0.338636
5CR8_A,Vancomycin,
5CTV_A,Vancomycin,0.260381
5J5P_A,Vancomycin,
5KKY_A,Vancomycin,0.310017
5LY6_B,Vancomycin,0.135514
5WI5_A,Vancomycin,0.685523
5XU0_A,Vancomycin,
5XU1_A,Vancomycin,0.574372
5XU1_M,Vancomycin,
5YIG_A,Vancomycin,0.478233
6EB7_A,Vancomycin,0.11689
6FMG_A,Vancomycin,
6HE6_A,Vancomycin,0.42753
6HFX_A,Vancomycin,0.483921
6JMP_A,Vancomycin,0.203655
6JYX_A,Vancomycin,
6MK7_A,Vancomycin,0.292623
6PON_A,Vancomycin,0.341666
6PQL_A,Vancomycin,0.803843
6Z4W_A,Vancomycin,
6Z63_A,Vancomycin,0.482633
7A54_A,Vancomycin,0.442051
7JJ8_A,Vancomycin,
7JJ9_A,Vancomycin,0.297429
7JJA_A,Vancomycin,
7PL2_A,Vancomycin,0.415801
7T2A_C,Vancomycin,
8HF4_A,Vancomycin,-0.148392
8HF6_A,Vancomycin,0.936225
AF-A0A0B7KV51-F1-model_v6,Vancomycin,0.404179
AF-A0A0B7KZH3-F1-model_v6,Vancomycin,
AF-A0A0B7L047-F1-model_v6,Vancomycin,0.355899
AF-A0A0B7L2C4-F1-model_v6,Vancomycin,0.414849
AF-A0A0B7LC21-F1-model_v6,Vancomycin,
AF-A0A0B7LCH0-F1-model_v6,Vancomycin,9.54132e-15
AF-A0A0B7LIE2-F1-model_v6,Vancomycin,0.573315
AF-A0A0E8ZM54-F1-model_v6,Vancomycin,0.424338
AF-A0A0H2UN20-F1-model_v6,Vancomycin,0.307235
AF-A0A0H2UND3-F1-model_v6,Vancomycin,0.435937
AF-A0A0H2UNX8-F1-model_v6,Vancomycin,0.237071
AF-A0A0H2ZM30-F1-model_v6,Vancomycin,
AF-A0A0H2ZNX2-F1-model_v6,Vancomycin,-0.324273
AF-A0A0T8G4V9-F1-model_v6,Vancomycin,0.29289
AF-A0A1H1R4D7-F1-model_v6,Vancomycin,0.405829
AF-A0A237JKZ5-F1-model_v6,Vancomycin,0.395278
AF-A0A2X3V8L4-F1-model_v6,Vancomycin,0.236475
AF-A0A3A4S4J8-F1-model_v6,Vancomycin,0.414084
AF-A0A3R9M168-F1-model_v6,Vancomycin,0.369275
AF-A0A4J1UGG0-F1-model_v6,Vancomycin,
AF-A0A4J1UII4-F1-model_v6,Vancomycin,0.406017
AF-A0A4J1VGK4-F1-model_v6,Vancomycin,0.456086
AF-A0A4J1VSB1-F1-model_v6,Vancomycin,0.228335
AF-A0A4J1VZA0-F1-model_v6,Vancomycin,0.56911
AF-A0A4J1WF80-F1-model_v6,Vancomycin,0.478314
AF-A0A4J1WRN7-F1-model_v6,Vancomycin,
AF-A0A4J1WWI9-F1-model_v6,Vancomycin,
AF-A0A4J1WXG5-F1-model_v6,Vancomycin,
AF-A0A4L7JIJ9-F1-model_v6,Vancomycin,0.394693
AF-A0A4L7JNS5-F1-model_v6,Vancomycin,
AF-A0A4R3L5A4-F1-model_v6,Vancomycin,
AF-A0A6I3UCE5-F1-model_v6,Vancomycin,0.399313
AF-A0A916L5M1-F1-model_v6,Vancomycin,-0.781431
AF-A0AA89KWM9-F1-model_v6,Vancomycin,0.296115
AF-A0AAE6YR42-F1-model_v6,Vancomycin,
AF-A0AAI9A065-F1-model_v6,Vancomycin,0.554536
AF-A0AAJ5P3Y6-F1-model_v6,Vancomycin,0.569237
AF-A0AAJ5P5J3-F1-model_v6,Vancomycin,
AF-A0AAW5WQ32-F1-model_v6,Vancomycin,0.648601
AF-A0AAW6XTF7-F1-model_v6,Vancomycin,0.553107
AF-B2ISJ9-F1-model_v6,Vancomycin,0.406766
AF-C1C6U9-F1-model_v6,Vancomycin,
AF-C1C8J0-F1-model_v6,Vancomycin,
AF-C1C8P0-F1-model_v6,Vancomycin,9.90099e-07
AF-C1CAB1-F1-model_v6,Vancomycin,0.536611
AF-C1CD75-F1-model_v6,Vancomycin,
AF-G3GGL5-F1-model_v6,Vancomycin,0.276099
AF-G3GGT8-F1-model_v6,Vancomycin,
